Unnamed: 0,Age,Employment Type,GraduateOrNot,AnnualIncome
0,31,Government Sector,Yes,400000
1,31,Private Sector/Self Employed,Yes,1250000
2,34,Private Sector/Self Employed,Yes,500000
3,28,Private Sector/Self Employed,Yes,700000
4,28,Private Sector/Self Employed,Yes,700000
5,25,Private Sector/Self Employed,No,1150000
6,31,Government Sector,Yes,1300000
7,31,Private Sector/Self Employed,Yes,1350000
8,28,Private Sector/Self Employed,Yes,1450000
9,33,Government Sector,Yes,800000
10,31,Government Sector,Yes,400000
11,26,Private Sector/Self Employed,Yes,1400000
12,32,Government Sector,Yes,850000
13,31,Government Sector,Yes,1500000
14,31,Government Sector,Yes,400000
15,34,Private Sector/Self Employed,Yes,700000
16,28,Private Sector/Self Employed,Yes,1150000
17,28,Private Sector/Self Employed,Yes,800000
18,29,Private Sector/Self Employed,Yes,1050000
19,34,Private Sector/Self Employed,Yes,1500000
20,28,Private Sector/Self Employed,Yes,1150000
21,29,Private Sector/Self Employed,Yes,350000
22,31,Private Sector/Self Employed,Yes,1100000
23,28,Government Sector,Yes,600000
24,31,Government Sector,Yes,1500000
25,35,Private Sector/Self Employed,No,800000
26,34,Private Sector/Self Employed,No,1300000
27,28,Private Sector/Self Employed,Yes,1250000
28,26,Private Sector/Self Employed,Yes,600000
29,31,Private Sector/Self Employed,Yes,900000
30,30,Private Sector/Self Employed,No,550000
31,31,Government Sector,No,300000
32,25,Government Sector,Yes,750000
33,32,Government Sector,Yes,850000
34,28,Private Sector/Self Employed,Yes,800000
35,33,Private Sector/Self Employed,Yes,1400000
36,31,Government Sector,No,300000
37,34,Private Sector/Self Employed,Yes,700000
38,34,Government Sector,Yes,1100000
39,33,Private Sector/Self Employed,Yes,1500000
40,25,Private Sector/Self Employed,Yes,1400000
41,33,Private Sector/Self Employed,Yes,550000
42,26,Private Sector/Self Employed,Yes,1500000
43,28,Private Sector/Self Employed,Yes,1200000
44,25,Private Sector/Self Employed,Yes,1400000
45,34,Private Sector/Self Employed,No,1400000
46,25,Private Sector/Self Employed,Yes,1400000
47,35,Government Sector,Yes,1100000
48,28,Private Sector/Self Employed,Yes,600000
49,31,Private Sector/Self Employed,Yes,1350000
50,31,Private Sector/Self Employed,Yes,1250000
51,29,Private Sector/Self Employed,Yes,1050000
52,31,Private Sector/Self Employed,Yes,1250000
53,28,Government Sector,Yes,300000
54,29,Private Sector/Self Employed,Yes,1200000
55,26,Private Sector/Self Employed,Yes,750000
56,28,Private Sector/Self Employed,Yes,550000
57,34,Private Sector/Self Employed,Yes,1000000
58,33,Private Sector/Self Employed,Yes,1400000
59,33,Private Sector/Self Employed,Yes,1400000
60,31,Private Sector/Self Employed,Yes,1250000
61,32,Government Sector,Yes,800000
62,28,Private Sector/Self Employed,Yes,800000
63,27,Government Sector,Yes,500000
64,30,Private Sector/Self Employed,No,1450000
65,26,Private Sector/Self Employed,Yes,600000
66,30,Private Sector/Self Employed,No,800000
67,34,Private Sector/Self Employed,Yes,1500000
68,29,Private Sector/Self Employed,Yes,350000
69,31,Government Sector,No,300000
70,34,Government Sector,Yes,1300000
71,28,Private Sector/Self Employed,Yes,750000
72,28,Private Sector/Self Employed,Yes,800000
73,28,Private Sector/Self Employed,Yes,750000
74,28,Private Sector/Self Employed,Yes,700000
75,34,Private Sector/Self Employed,Yes,1300000
76,29,Private Sector/Self Employed,Yes,1200000
77,31,Government Sector,No,400000
78,31,Government Sector,Yes,1300000
79,31,Government Sector,No,400000
80,26,Private Sector/Self Employed,Yes,1300000
81,25,Private Sector/Self Employed,No,1150000
82,28,Private Sector/Self Employed,Yes,1250000
83,34,Private Sector/Self Employed,No,950000
84,32,Government Sector,Yes,350000
85,25,Private Sector/Self Employed,No,1700000
86,32,Government Sector,Yes,900000
87,28,Government Sector,Yes,300000
88,34,Private Sector/Self Employed,Yes,1050000
89,28,Government Sector,Yes,300000
90,27,Government Sector,Yes,1050000
91,28,Government Sector,Yes,300000
92,28,Private Sector/Self Employed,Yes,1150000
93,33,Government Sector,Yes,700000
94,34,Private Sector/Self Employed,Yes,1300000
95,26,Private Sector/Self Employed,Yes,1400000
96,28,Private Sector/Self Employed,Yes,700000
97,29,Private Sector/Self Employed,Yes,350000
98,29,Private Sector/Self Employed,Yes,1100000
99,29,Government Sector,Yes,600000
100,28,Private Sector/Self Employed,Yes,1300000
101,33,Private Sector/Self Employed,Yes,1500000
102,29,Private Sector/Self Employed,Yes,500000
103,26,Private Sector/Self Employed,Yes,1400000
104,28,Private Sector/Self Employed,Yes,1150000
105,28,Private Sector/Self Employed,Yes,750000
106,34,Private Sector/Self Employed,Yes,1300000
107,34,Private Sector/Self Employed,Yes,850000
108,26,Private Sector/Self Employed,Yes,1300000
109,25,Private Sector/Self Employed,Yes,1700000
110,31,Government Sector,Yes,400000
111,28,Private Sector/Self Employed,Yes,800000
112,30,Private Sector/Self Employed,No,800000
113,29,Private Sector/Self Employed,Yes,900000
114,29,Private Sector/Self Employed,Yes,500000
115,29,Private Sector/Self Employed,Yes,900000
116,28,Private Sector/Self Employed,Yes,1150000
117,31,Government Sector,Yes,400000
118,31,Government Sector,Yes,1500000
119,31,Private Sector/Self Employed,Yes,500000
120,28,Private Sector/Self Employed,Yes,800000
121,26,Private Sector/Self Employed,Yes,1400000
122,32,Government Sector,Yes,800000
123,27,Government Sector,Yes,850000
124,32,Government Sector,Yes,350000
125,29,Private Sector/Self Employed,Yes,500000
126,32,Government Sector,Yes,800000
127,27,Government Sector,Yes,750000
128,31,Private Sector/Self Employed,Yes,1350000
129,29,Private Sector/Self Employed,Yes,1050000
130,28,Private Sector/Self Employed,Yes,800000
131,28,Private Sector/Self Employed,Yes,750000
132,28,Private Sector/Self Employed,Yes,1100000
133,25,Private Sector/Self Employed,Yes,1750000
134,28,Private Sector/Self Employed,Yes,600000
135,28,Private Sector/Self Employed,Yes,800000
136,29,Private Sector/Self Employed,Yes,500000
137,29,Private Sector/Self Employed,Yes,600000
138,28,Private Sector/Self Employed,Yes,1150000
139,35,Private Sector/Self Employed,No,800000
140,28,Private Sector/Self Employed,Yes,550000
141,25,Private Sector/Self Employed,Yes,1400000
142,32,Government Sector,Yes,350000
143,26,Private Sector/Self Employed,Yes,1300000
144,31,Private Sector/Self Employed,Yes,1250000
145,28,Private Sector/Self Employed,Yes,1150000
146,30,Private Sector/Self Employed,No,750000
147,31,Government Sector,No,400000
148,25,Private Sector/Self Employed,Yes,1400000
149,28,Private Sector/Self Employed,Yes,800000
150,28,Private Sector/Self Employed,Yes,650000
151,29,Private Sector/Self Employed,Yes,1200000
152,28,Private Sector/Self Employed,Yes,1200000
153,25,Private Sector/Self Employed,No,600000
154,28,Private Sector/Self Employed,Yes,700000
155,34,Private Sector/Self Employed,Yes,1300000
156,28,Private Sector/Self Employed,Yes,900000
157,28,Private Sector/Self Employed,Yes,600000
158,31,Private Sector/Self Employed,Yes,1250000
159,27,Government Sector,Yes,900000
160,31,Government Sector,Yes,1200000
161,34,Private Sector/Self Employed,No,1400000
162,34,Private Sector/Self Employed,Yes,500000
163,32,Government Sector,Yes,350000
164,28,Government Sector,Yes,300000
165,33,Government Sector,Yes,1000000
166,28,Private Sector/Self Employed,Yes,800000
167,31,Government Sector,Yes,400000
168,27,Government Sector,Yes,850000
169,25,Private Sector/Self Employed,No,600000
170,31,Private Sector/Self Employed,Yes,1350000
171,28,Private Sector/Self Employed,Yes,900000
172,27,Private Sector/Self Employed,No,600000
173,26,Private Sector/Self Employed,Yes,450000
174,34,Private Sector/Self Employed,Yes,700000
175,30,Private Sector/Self Employed,No,800000
176,34,Private Sector/Self Employed,Yes,1050000
177,28,Private Sector/Self Employed,Yes,1250000
178,32,Government Sector,Yes,350000
179,26,Private Sector/Self Employed,Yes,1250000
180,28,Private Sector/Self Employed,Yes,750000
181,26,Private Sector/Self Employed,Yes,1300000
182,35,Private Sector/Self Employed,No,800000
183,25,Private Sector/Self Employed,No,1700000
184,25,Government Sector,Yes,750000
185,28,Government Sector,Yes,300000
186,28,Private Sector/Self Employed,Yes,500000
187,28,Private Sector/Self Employed,Yes,650000
188,26,Government Sector,Yes,500000
189,26,Private Sector/Self Employed,Yes,1400000
190,27,Government Sector,Yes,900000
191,30,Private Sector/Self Employed,No,650000
192,28,Private Sector/Self Employed,Yes,800000
193,34,Private Sector/Self Employed,No,1300000
194,33,Government Sector,Yes,1100000
195,25,Private Sector/Self Employed,Yes,1400000
196,34,Private Sector/Self Employed,Yes,1000000
197,29,Private Sector/Self Employed,Yes,1150000
198,25,Private Sector/Self Employed,No,1350000
199,30,Private Sector/Self Employed,No,1450000
200,27,Government Sector,Yes,1050000
201,31,Private Sector/Self Employed,Yes,1400000
202,28,Private Sector/Self Employed,Yes,600000
203,28,Private Sector/Self Employed,Yes,1100000
204,32,Government Sector,Yes,900000
205,29,Private Sector/Self Employed,Yes,1150000
206,25,Private Sector/Self Employed,No,1150000
207,31,Government Sector,No,350000
208,29,Private Sector/Self Employed,Yes,1350000
209,25,Private Sector/Self Employed,No,1700000
210,28,Private Sector/Self Employed,Yes,1200000
211,27,Private Sector/Self Employed,No,450000
212,28,Private Sector/Self Employed,Yes,750000
213,26,Private Sector/Self Employed,Yes,1400000
214,27,Government Sector,Yes,850000
215,33,Government Sector,Yes,1100000
216,34,Private Sector/Self Employed,Yes,1050000
217,28,Private Sector/Self Employed,Yes,800000
218,26,Private Sector/Self Employed,Yes,1500000
219,31,Private Sector/Self Employed,Yes,1250000
220,35,Private Sector/Self Employed,No,800000
221,28,Private Sector/Self Employed,Yes,1200000
222,28,Private Sector/Self Employed,Yes,1200000
223,30,Private Sector/Self Employed,No,650000
224,31,Private Sector/Self Employed,Yes,1100000
225,31,Private Sector/Self Employed,Yes,1250000
226,34,Government Sector,Yes,1300000
227,34,Private Sector/Self Employed,Yes,1300000
228,34,Private Sector/Self Employed,Yes,1000000
229,34,Private Sector/Self Employed,Yes,1000000
230,29,Private Sector/Self Employed,Yes,900000
231,31,Government Sector,Yes,1200000
232,28,Private Sector/Self Employed,Yes,1250000
233,31,Government Sector,Yes,1200000
234,34,Private Sector/Self Employed,Yes,1300000
235,30,Private Sector/Self Employed,No,550000
236,26,Private Sector/Self Employed,Yes,1500000
237,30,Private Sector/Self Employed,No,500000
238,29,Private Sector/Self Employed,Yes,600000
239,26,Private Sector/Self Employed,Yes,1250000
240,27,Private Sector/Self Employed,No,350000
241,35,Private Sector/Self Employed,No,800000
242,33,Government Sector,Yes,400000
243,26,Private Sector/Self Employed,Yes,750000
244,27,Government Sector,Yes,500000
245,28,Private Sector/Self Employed,Yes,1150000
246,31,Government Sector,No,350000
247,27,Government Sector,Yes,1050000
248,34,Government Sector,Yes,1300000
249,28,Private Sector/Self Employed,Yes,1150000
250,34,Private Sector/Self Employed,Yes,1000000
251,28,Government Sector,Yes,300000
252,29,Private Sector/Self Employed,Yes,1350000
253,28,Private Sector/Self Employed,Yes,1400000
254,28,Government Sector,Yes,1200000
255,34,Private Sector/Self Employed,Yes,1500000
256,34,Government Sector,Yes,1300000
257,33,Private Sector/Self Employed,Yes,550000
258,29,Private Sector/Self Employed,Yes,900000
259,33,Government Sector,Yes,400000
260,26,Private Sector/Self Employed,Yes,1400000
261,28,Private Sector/Self Employed,Yes,1100000
262,26,Private Sector/Self Employed,Yes,750000
263,35,Private Sector/Self Employed,No,800000
264,29,Private Sector/Self Employed,Yes,350000
265,27,Government Sector,Yes,850000
266,31,Government Sector,Yes,400000
267,33,Government Sector,Yes,1100000
268,34,Private Sector/Self Employed,Yes,500000
269,27,Private Sector/Self Employed,No,800000
270,34,Government Sector,Yes,1300000
271,35,Government Sector,Yes,900000
272,28,Private Sector/Self Employed,Yes,700000
273,34,Private Sector/Self Employed,Yes,1000000
274,32,Government Sector,Yes,850000
275,26,Private Sector/Self Employed,Yes,1400000
276,29,Private Sector/Self Employed,Yes,1050000
277,31,Private Sector/Self Employed,Yes,950000
278,32,Government Sector,Yes,800000
279,32,Government Sector,Yes,350000
280,32,Government Sector,Yes,800000
281,26,Private Sector/Self Employed,Yes,750000
282,26,Private Sector/Self Employed,Yes,1400000
283,26,Private Sector/Self Employed,Yes,600000
284,28,Private Sector/Self Employed,Yes,750000
285,33,Private Sector/Self Employed,Yes,750000
286,28,Private Sector/Self Employed,Yes,600000
287,29,Private Sector/Self Employed,Yes,1200000
288,29,Private Sector/Self Employed,Yes,1100000
289,26,Private Sector/Self Employed,Yes,500000
290,32,Government Sector,Yes,900000
291,34,Private Sector/Self Employed,Yes,1300000
292,27,Government Sector,Yes,850000
293,31,Private Sector/Self Employed,Yes,1250000
294,29,Private Sector/Self Employed,Yes,1200000
295,28,Private Sector/Self Employed,Yes,550000
296,32,Government Sector,Yes,350000
297,35,Private Sector/Self Employed,No,800000
298,25,Private Sector/Self Employed,No,1700000
299,27,Private Sector/Self Employed,No,450000
300,32,Government Sector,Yes,900000
301,27,Government Sector,Yes,850000
302,34,Private Sector/Self Employed,Yes,700000
303,31,Government Sector,No,300000
304,34,Private Sector/Self Employed,Yes,1050000
305,26,Private Sector/Self Employed,Yes,1250000
306,33,Government Sector,Yes,650000
307,28,Private Sector/Self Employed,Yes,1150000
308,34,Private Sector/Self Employed,Yes,1000000
309,33,Government Sector,Yes,650000
310,30,Private Sector/Self Employed,No,550000
311,34,Private Sector/Self Employed,Yes,1500000
312,32,Government Sector,Yes,850000
313,25,Private Sector/Self Employed,No,1150000
314,26,Private Sector/Self Employed,Yes,1400000
315,28,Government Sector,Yes,300000
316,31,Private Sector/Self Employed,Yes,950000
317,32,Government Sector,Yes,800000
318,34,Government Sector,Yes,1100000
319,25,Private Sector/Self Employed,Yes,1700000
320,35,Private Sector/Self Employed,No,800000
321,28,Private Sector/Self Employed,Yes,500000
322,28,Private Sector/Self Employed,Yes,750000
323,33,Private Sector/Self Employed,Yes,1400000
324,28,Government Sector,Yes,300000
325,31,Private Sector/Self Employed,Yes,1250000
326,28,Private Sector/Self Employed,Yes,1150000
327,34,Government Sector,Yes,1300000
328,34,Private Sector/Self Employed,Yes,700000
329,28,Private Sector/Self Employed,Yes,1100000
330,35,Private Sector/Self Employed,No,800000
331,33,Private Sector/Self Employed,Yes,550000
332,31,Private Sector/Self Employed,Yes,1650000
333,31,Private Sector/Self Employed,Yes,1400000
334,29,Private Sector/Self Employed,Yes,1050000
335,28,Private Sector/Self Employed,Yes,800000
336,32,Government Sector,Yes,350000
337,30,Private Sector/Self Employed,No,550000
338,28,Private Sector/Self Employed,Yes,600000
339,29,Private Sector/Self Employed,Yes,1050000
340,27,Private Sector/Self Employed,No,800000
341,28,Private Sector/Self Employed,Yes,550000
342,28,Private Sector/Self Employed,Yes,1100000
343,28,Private Sector/Self Employed,Yes,1250000
344,32,Government Sector,Yes,800000
345,29,Private Sector/Self Employed,Yes,1200000
346,25,Private Sector/Self Employed,Yes,1800000
347,34,Private Sector/Self Employed,Yes,1300000
348,31,Private Sector/Self Employed,Yes,1400000
349,28,Private Sector/Self Employed,Yes,500000
350,31,Private Sector/Self Employed,Yes,950000
351,29,Private Sector/Self Employed,Yes,1200000
352,31,Private Sector/Self Employed,Yes,1350000
353,31,Government Sector,No,300000
354,25,Private Sector/Self Employed,No,1150000
355,28,Private Sector/Self Employed,Yes,1400000
356,34,Private Sector/Self Employed,Yes,1000000
357,34,Private Sector/Self Employed,Yes,500000
358,34,Private Sector/Self Employed,Yes,1000000
359,25,Private Sector/Self Employed,No,1150000
360,28,Private Sector/Self Employed,No,550000
361,29,Private Sector/Self Employed,Yes,1350000
362,28,Private Sector/Self Employed,Yes,700000
363,34,Government Sector,Yes,1300000
364,31,Government Sector,Yes,1200000
365,25,Private Sector/Self Employed,No,1700000
366,28,Government Sector,Yes,300000
367,31,Government Sector,Yes,1300000
368,35,Private Sector/Self Employed,No,800000
369,32,Government Sector,Yes,800000
370,31,Government Sector,Yes,1300000
371,27,Government Sector,Yes,900000
372,29,Private Sector/Self Employed,Yes,350000
373,28,Private Sector/Self Employed,Yes,900000
374,28,Government Sector,Yes,600000
375,28,Private Sector/Self Employed,Yes,1100000
376,31,Government Sector,Yes,1300000
377,27,Private Sector/Self Employed,No,1550000
378,25,Private Sector/Self Employed,Yes,1700000
379,27,Private Sector/Self Employed,No,1550000
380,28,Private Sector/Self Employed,Yes,1200000
381,29,Private Sector/Self Employed,Yes,1200000
382,31,Private Sector/Self Employed,Yes,1400000
383,29,Private Sector/Self Employed,Yes,1100000
384,33,Government Sector,Yes,600000
385,34,Private Sector/Self Employed,Yes,1000000
386,28,Private Sector/Self Employed,Yes,1350000
387,28,Government Sector,Yes,300000
388,28,Private Sector/Self Employed,Yes,550000
389,31,Private Sector/Self Employed,Yes,1350000
390,33,Private Sector/Self Employed,Yes,550000
391,28,Government Sector,Yes,1200000
392,31,Private Sector/Self Employed,Yes,950000
393,29,Private Sector/Self Employed,Yes,1050000
394,28,Private Sector/Self Employed,Yes,1200000
395,32,Government Sector,Yes,800000
396,33,Government Sector,Yes,650000
397,25,Government Sector,Yes,750000
398,28,Private Sector/Self Employed,Yes,1250000
399,35,Private Sector/Self Employed,No,800000
400,29,Private Sector/Self Employed,Yes,1200000
401,34,Private Sector/Self Employed,Yes,700000
402,31,Private Sector/Self Employed,Yes,1250000
403,28,Private Sector/Self Employed,Yes,800000
404,33,Government Sector,Yes,650000
405,32,Government Sector,Yes,850000
406,28,Private Sector/Self Employed,Yes,1200000
407,25,Private Sector/Self Employed,No,1700000
408,31,Government Sector,No,350000
409,28,Private Sector/Self Employed,Yes,700000
410,28,Private Sector/Self Employed,No,550000
411,28,Government Sector,Yes,600000
412,28,Government Sector,Yes,300000
413,25,Private Sector/Self Employed,Yes,1700000
414,33,Private Sector/Self Employed,Yes,1400000
415,28,Government Sector,Yes,600000
416,31,Private Sector/Self Employed,Yes,1400000
417,31,Private Sector/Self Employed,Yes,1400000
418,34,Private Sector/Self Employed,Yes,1000000
419,25,Private Sector/Self Employed,No,1150000
420,34,Private Sector/Self Employed,Yes,1050000
421,28,Government Sector,Yes,300000
422,34,Private Sector/Self Employed,Yes,1500000
423,25,Private Sector/Self Employed,Yes,1400000
424,29,Private Sector/Self Employed,Yes,1100000
425,29,Private Sector/Self Employed,Yes,350000
426,25,Private Sector/Self Employed,Yes,500000
427,25,Private Sector/Self Employed,Yes,1400000
428,28,Private Sector/Self Employed,Yes,700000
429,32,Government Sector,Yes,350000
430,26,Private Sector/Self Employed,Yes,1300000
431,28,Private Sector/Self Employed,Yes,500000
432,34,Private Sector/Self Employed,Yes,500000
433,28,Private Sector/Self Employed,Yes,1100000
434,34,Private Sector/Self Employed,Yes,1300000
435,34,Private Sector/Self Employed,Yes,1500000
436,28,Private Sector/Self Employed,Yes,1200000
437,27,Private Sector/Self Employed,No,800000
438,33,Government Sector,Yes,400000
439,28,Private Sector/Self Employed,Yes,800000
440,34,Private Sector/Self Employed,Yes,1000000
441,34,Private Sector/Self Employed,Yes,850000
442,29,Private Sector/Self Employed,Yes,1100000
443,25,Private Sector/Self Employed,No,1150000
444,28,Private Sector/Self Employed,Yes,700000
445,27,Government Sector,Yes,1050000
446,28,Private Sector/Self Employed,Yes,700000
447,29,Private Sector/Self Employed,Yes,500000
448,33,Private Sector/Self Employed,Yes,1500000
449,31,Private Sector/Self Employed,Yes,500000
450,31,Private Sector/Self Employed,Yes,1250000
451,28,Private Sector/Self Employed,Yes,800000
452,34,Private Sector/Self Employed,Yes,1300000
453,31,Private Sector/Self Employed,Yes,1100000
454,28,Government Sector,Yes,300000
455,35,Government Sector,Yes,1100000
456,26,Private Sector/Self Employed,Yes,1500000
457,25,Private Sector/Self Employed,No,1150000
458,26,Private Sector/Self Employed,Yes,750000
459,34,Private Sector/Self Employed,Yes,1500000
460,25,Private Sector/Self Employed,No,1350000
461,35,Government Sector,Yes,900000
462,26,Private Sector/Self Employed,Yes,1250000
463,33,Private Sector/Self Employed,Yes,750000
464,34,Private Sector/Self Employed,Yes,1500000
465,26,Private Sector/Self Employed,Yes,1500000
466,28,Private Sector/Self Employed,Yes,550000
467,26,Government Sector,Yes,500000
468,28,Private Sector/Self Employed,Yes,1200000
469,25,Private Sector/Self Employed,No,1700000
470,28,Private Sector/Self Employed,Yes,1300000
471,26,Private Sector/Self Employed,Yes,1250000
472,28,Government Sector,Yes,300000
473,25,Private Sector/Self Employed,Yes,1400000
474,31,Private Sector/Self Employed,Yes,1100000
475,34,Private Sector/Self Employed,Yes,1000000
476,33,Private Sector/Self Employed,Yes,1400000
477,34,Private Sector/Self Employed,Yes,1500000
478,29,Private Sector/Self Employed,Yes,900000
479,34,Government Sector,Yes,1300000
480,34,Private Sector/Self Employed,Yes,1050000
481,29,Private Sector/Self Employed,Yes,1100000
482,32,Government Sector,Yes,850000
483,28,Private Sector/Self Employed,Yes,1150000
484,33,Government Sector,Yes,800000
485,27,Private Sector/Self Employed,No,450000
486,33,Private Sector/Self Employed,Yes,550000
487,34,Private Sector/Self Employed,Yes,850000
488,28,Government Sector,Yes,300000
489,30,Private Sector/Self Employed,No,800000
490,29,Private Sector/Self Employed,Yes,1200000
491,28,Private Sector/Self Employed,Yes,1100000
492,34,Private Sector/Self Employed,Yes,500000
493,29,Private Sector/Self Employed,Yes,1050000
494,34,Government Sector,Yes,1300000
495,31,Government Sector,Yes,1200000
496,26,Private Sector/Self Employed,Yes,600000
497,28,Private Sector/Self Employed,Yes,1200000
498,29,Private Sector/Self Employed,Yes,600000
499,32,Government Sector,Yes,350000
500,26,Private Sector/Self Employed,Yes,1500000
501,31,Private Sector/Self Employed,Yes,1250000
502,28,Government Sector,Yes,300000
503,31,Government Sector,Yes,1300000
504,29,Private Sector/Self Employed,Yes,500000
505,28,Private Sector/Self Employed,Yes,800000
506,28,Private Sector/Self Employed,Yes,600000
507,32,Government Sector,Yes,800000
508,28,Private Sector/Self Employed,Yes,900000
509,28,Private Sector/Self Employed,Yes,1450000
510,31,Private Sector/Self Employed,Yes,950000
511,31,Private Sector/Self Employed,Yes,1250000
512,29,Private Sector/Self Employed,Yes,1100000
513,27,Government Sector,Yes,850000
514,28,Private Sector/Self Employed,Yes,500000
515,27,Government Sector,Yes,850000
516,31,Private Sector/Self Employed,Yes,1250000
517,31,Private Sector/Self Employed,Yes,1250000
518,29,Private Sector/Self Employed,Yes,1350000
519,25,Private Sector/Self Employed,No,1700000
520,35,Government Sector,Yes,1100000
521,28,Private Sector/Self Employed,Yes,1100000
522,35,Private Sector/Self Employed,No,800000
523,33,Government Sector,Yes,400000
524,32,Government Sector,Yes,800000
525,26,Private Sector/Self Employed,Yes,500000
526,31,Private Sector/Self Employed,Yes,1100000
527,28,Private Sector/Self Employed,Yes,700000
528,25,Private Sector/Self Employed,No,1150000
529,28,Private Sector/Self Employed,Yes,1250000
530,29,Private Sector/Self Employed,Yes,900000
531,28,Private Sector/Self Employed,Yes,1150000
532,31,Government Sector,Yes,1300000
533,29,Private Sector/Self Employed,Yes,600000
534,27,Private Sector/Self Employed,No,450000
535,31,Private Sector/Self Employed,Yes,1350000
536,30,Private Sector/Self Employed,No,500000
537,29,Private Sector/Self Employed,Yes,600000
538,28,Private Sector/Self Employed,Yes,1150000
539,33,Government Sector,No,400000
540,26,Private Sector/Self Employed,Yes,1500000
541,29,Private Sector/Self Employed,Yes,1200000
542,27,Private Sector/Self Employed,No,600000
543,34,Private Sector/Self Employed,Yes,850000
544,31,Government Sector,No,400000
545,26,Private Sector/Self Employed,Yes,600000
546,28,Private Sector/Self Employed,Yes,550000
547,26,Private Sector/Self Employed,Yes,1400000
548,27,Government Sector,Yes,850000
549,28,Government Sector,No,300000
550,34,Private Sector/Self Employed,Yes,1050000
551,25,Private Sector/Self Employed,Yes,1400000
552,27,Government Sector,Yes,1050000
553,33,Private Sector/Self Employed,Yes,1400000
554,32,Government Sector,Yes,800000
555,26,Private Sector/Self Employed,Yes,1750000
556,33,Private Sector/Self Employed,Yes,550000
557,27,Government Sector,Yes,1050000
558,34,Private Sector/Self Employed,Yes,850000
559,29,Private Sector/Self Employed,Yes,1200000
560,26,Private Sector/Self Employed,Yes,1400000
561,29,Private Sector/Self Employed,Yes,1050000
562,33,Government Sector,Yes,1000000
563,33,Private Sector/Self Employed,Yes,550000
564,29,Private Sector/Self Employed,Yes,900000
565,28,Private Sector/Self Employed,Yes,800000
566,27,Government Sector,Yes,850000
567,35,Private Sector/Self Employed,No,800000
568,35,Private Sector/Self Employed,No,800000
569,27,Government Sector,Yes,500000
570,25,Private Sector/Self Employed,No,1150000
571,32,Government Sector,Yes,850000
572,28,Private Sector/Self Employed,No,550000
573,27,Private Sector/Self Employed,No,350000
574,29,Private Sector/Self Employed,Yes,1150000
575,29,Private Sector/Self Employed,Yes,900000
576,31,Private Sector/Self Employed,Yes,1400000
577,27,Government Sector,Yes,500000
578,34,Private Sector/Self Employed,Yes,1000000
579,33,Government Sector,Yes,400000
580,31,Private Sector/Self Employed,Yes,1250000
581,28,Private Sector/Self Employed,Yes,700000
582,29,Private Sector/Self Employed,Yes,1100000
583,29,Private Sector/Self Employed,Yes,500000
584,29,Private Sector/Self Employed,Yes,900000
585,34,Private Sector/Self Employed,No,1400000
586,28,Government Sector,Yes,300000
587,29,Private Sector/Self Employed,Yes,900000
588,35,Private Sector/Self Employed,No,800000
589,26,Private Sector/Self Employed,Yes,1400000
590,28,Private Sector/Self Employed,Yes,500000
591,25,Private Sector/Self Employed,No,1150000
592,25,Private Sector/Self Employed,Yes,1700000
593,28,Government Sector,Yes,600000
594,33,Private Sector/Self Employed,Yes,550000
595,25,Private Sector/Self Employed,No,1150000
596,31,Private Sector/Self Employed,Yes,1350000
597,34,Private Sector/Self Employed,Yes,1000000
598,35,Private Sector/Self Employed,No,800000
599,34,Private Sector/Self Employed,Yes,700000
600,34,Private Sector/Self Employed,Yes,1500000
601,34,Private Sector/Self Employed,Yes,1300000
602,34,Private Sector/Self Employed,Yes,1500000
603,33,Private Sector/Self Employed,Yes,1400000
604,32,Government Sector,Yes,350000
605,28,Private Sector/Self Employed,Yes,1250000
606,28,Private Sector/Self Employed,Yes,800000
607,28,Private Sector/Self Employed,Yes,550000
608,28,Private Sector/Self Employed,Yes,800000
609,28,Private Sector/Self Employed,Yes,700000
610,31,Private Sector/Self Employed,Yes,900000
611,28,Private Sector/Self Employed,Yes,500000
612,28,Private Sector/Self Employed,Yes,550000
613,31,Private Sector/Self Employed,Yes,1250000
614,34,Private Sector/Self Employed,Yes,1000000
615,28,Government Sector,Yes,300000
616,27,Government Sector,Yes,750000
617,30,Private Sector/Self Employed,No,550000
618,31,Private Sector/Self Employed,Yes,1650000
619,35,Government Sector,Yes,1100000
620,29,Private Sector/Self Employed,Yes,1050000
621,28,Private Sector/Self Employed,Yes,650000
622,32,Government Sector,Yes,800000
623,28,Private Sector/Self Employed,Yes,1100000
624,34,Private Sector/Self Employed,Yes,1000000
625,31,Private Sector/Self Employed,Yes,1750000
626,28,Private Sector/Self Employed,Yes,1100000
627,27,Government Sector,Yes,500000
628,28,Private Sector/Self Employed,Yes,1150000
629,25,Private Sector/Self Employed,No,600000
630,28,Private Sector/Self Employed,Yes,1100000
631,33,Private Sector/Self Employed,Yes,1400000
632,34,Private Sector/Self Employed,Yes,700000
633,28,Private Sector/Self Employed,Yes,700000
634,34,Private Sector/Self Employed,No,1300000
635,28,Private Sector/Self Employed,No,550000
636,25,Private Sector/Self Employed,Yes,1400000
637,34,Private Sector/Self Employed,Yes,1300000
638,26,Government Sector,Yes,1450000
639,31,Private Sector/Self Employed,Yes,1250000
640,27,Private Sector/Self Employed,No,800000
641,34,Private Sector/Self Employed,Yes,700000
642,26,Government Sector,Yes,500000
643,28,Private Sector/Self Employed,Yes,1100000
644,32,Government Sector,Yes,800000
645,28,Private Sector/Self Employed,Yes,1100000
646,28,Private Sector/Self Employed,Yes,1100000
647,34,Private Sector/Self Employed,No,1300000
648,28,Private Sector/Self Employed,Yes,800000
649,28,Government Sector,Yes,300000
650,26,Private Sector/Self Employed,Yes,1400000
651,33,Private Sector/Self Employed,Yes,1400000
652,33,Government Sector,Yes,800000
653,27,Government Sector,Yes,500000
654,32,Government Sector,Yes,1750000
655,28,Private Sector/Self Employed,Yes,700000
656,31,Private Sector/Self Employed,Yes,500000
657,28,Private Sector/Self Employed,Yes,1200000
658,30,Private Sector/Self Employed,No,1450000
659,34,Private Sector/Self Employed,Yes,500000
660,28,Government Sector,Yes,300000
661,28,Government Sector,No,300000
662,26,Private Sector/Self Employed,Yes,500000
663,32,Government Sector,Yes,800000
664,34,Private Sector/Self Employed,Yes,1500000
665,28,Private Sector/Self Employed,Yes,1250000
666,28,Private Sector/Self Employed,Yes,800000
667,26,Private Sector/Self Employed,Yes,1300000
668,33,Government Sector,Yes,1000000
669,26,Private Sector/Self Employed,Yes,600000
670,28,Private Sector/Self Employed,Yes,800000
671,29,Private Sector/Self Employed,Yes,1100000
672,27,Government Sector,Yes,1050000
673,30,Private Sector/Self Employed,No,750000
674,27,Government Sector,Yes,850000
675,27,Private Sector/Self Employed,No,350000
676,29,Private Sector/Self Employed,Yes,1200000
677,27,Private Sector/Self Employed,No,450000
678,25,Private Sector/Self Employed,Yes,1700000
679,26,Government Sector,Yes,500000
680,29,Private Sector/Self Employed,Yes,1100000
681,28,Private Sector/Self Employed,Yes,1200000
682,26,Private Sector/Self Employed,Yes,1500000
683,28,Private Sector/Self Employed,Yes,750000
684,25,Private Sector/Self Employed,No,1150000
685,34,Private Sector/Self Employed,Yes,1500000
686,33,Private Sector/Self Employed,Yes,1500000
687,28,Private Sector/Self Employed,Yes,1150000
688,33,Government Sector,Yes,400000
689,27,Government Sector,Yes,500000
690,33,Private Sector/Self Employed,Yes,1400000
691,31,Private Sector/Self Employed,Yes,950000
692,31,Government Sector,No,300000
693,27,Private Sector/Self Employed,No,800000
694,34,Government Sector,Yes,1100000
695,28,Private Sector/Self Employed,Yes,1150000
696,32,Government Sector,Yes,350000
697,25,Private Sector/Self Employed,Yes,1400000
698,33,Private Sector/Self Employed,Yes,1200000
699,32,Government Sector,Yes,800000
700,28,Private Sector/Self Employed,Yes,1450000
701,29,Private Sector/Self Employed,Yes,1350000
702,28,Private Sector/Self Employed,Yes,500000
703,27,Government Sector,Yes,500000
704,33,Government Sector,Yes,700000
705,27,Government Sector,Yes,850000
706,34,Private Sector/Self Employed,Yes,700000
707,28,Private Sector/Self Employed,Yes,550000
708,34,Private Sector/Self Employed,Yes,1000000
709,33,Private Sector/Self Employed,Yes,1500000
710,26,Government Sector,Yes,1450000
711,34,Private Sector/Self Employed,Yes,1000000
712,28,Private Sector/Self Employed,Yes,1450000
713,28,Private Sector/Self Employed,Yes,1100000
714,28,Government Sector,Yes,300000
715,28,Private Sector/Self Employed,Yes,1200000
716,29,Private Sector/Self Employed,Yes,1100000
717,28,Private Sector/Self Employed,Yes,800000
718,27,Government Sector,Yes,900000
719,34,Private Sector/Self Employed,No,1300000
720,27,Government Sector,Yes,850000
721,34,Private Sector/Self Employed,Yes,1050000
722,33,Government Sector,Yes,400000
723,29,Private Sector/Self Employed,Yes,1050000
724,25,Government Sector,Yes,750000
725,30,Private Sector/Self Employed,No,800000
726,25,Private Sector/Self Employed,Yes,1700000
727,34,Government Sector,Yes,1100000
728,28,Private Sector/Self Employed,Yes,1250000
729,27,Private Sector/Self Employed,No,600000
730,31,Private Sector/Self Employed,Yes,500000
731,28,Private Sector/Self Employed,Yes,800000
732,30,Private Sector/Self Employed,No,800000
733,27,Government Sector,Yes,900000
734,34,Private Sector/Self Employed,Yes,1050000
735,28,Government Sector,Yes,300000
736,30,Private Sector/Self Employed,No,650000
737,28,Private Sector/Self Employed,Yes,700000
738,28,Private Sector/Self Employed,Yes,800000
739,33,Private Sector/Self Employed,Yes,550000
740,34,Private Sector/Self Employed,Yes,1000000
741,34,Private Sector/Self Employed,Yes,1300000
742,34,Private Sector/Self Employed,Yes,1050000
743,29,Private Sector/Self Employed,Yes,500000
744,29,Private Sector/Self Employed,Yes,1050000
745,28,Government Sector,Yes,600000
746,27,Government Sector,Yes,500000
747,34,Private Sector/Self Employed,Yes,1300000
748,28,Private Sector/Self Employed,Yes,650000
749,34,Government Sector,Yes,1300000
750,35,Private Sector/Self Employed,No,800000
751,28,Private Sector/Self Employed,Yes,1350000
752,28,Private Sector/Self Employed,No,550000
753,33,Government Sector,Yes,1100000
754,32,Government Sector,Yes,850000
755,29,Private Sector/Self Employed,Yes,1200000
756,28,Government Sector,No,300000
757,27,Government Sector,Yes,500000
758,33,Private Sector/Self Employed,Yes,1400000
759,34,Private Sector/Self Employed,Yes,700000
760,27,Government Sector,Yes,500000
761,26,Private Sector/Self Employed,Yes,1500000
762,28,Private Sector/Self Employed,Yes,800000
763,28,Government Sector,Yes,600000
764,27,Government Sector,Yes,500000
765,29,Private Sector/Self Employed,Yes,350000
766,34,Private Sector/Self Employed,Yes,700000
767,28,Government Sector,No,300000
768,34,Private Sector/Self Employed,Yes,1500000
769,30,Private Sector/Self Employed,No,800000
770,28,Government Sector,Yes,600000
771,29,Private Sector/Self Employed,Yes,500000
772,35,Private Sector/Self Employed,No,950000
773,31,Private Sector/Self Employed,Yes,950000
774,28,Private Sector/Self Employed,Yes,800000
775,32,Government Sector,Yes,350000
776,25,Private Sector/Self Employed,Yes,1400000
777,27,Government Sector,Yes,500000
778,27,Government Sector,Yes,850000
779,25,Private Sector/Self Employed,Yes,1400000
780,31,Government Sector,Yes,400000
781,27,Government Sector,Yes,500000
782,28,Private Sector/Self Employed,Yes,1200000
783,29,Private Sector/Self Employed,Yes,1100000
784,31,Government Sector,Yes,1500000
785,29,Private Sector/Self Employed,Yes,1200000
786,29,Private Sector/Self Employed,Yes,500000
787,34,Private Sector/Self Employed,Yes,1000000
788,34,Private Sector/Self Employed,Yes,500000
789,28,Private Sector/Self Employed,Yes,750000
790,32,Government Sector,Yes,900000
791,35,Private Sector/Self Employed,No,800000
792,28,Private Sector/Self Employed,Yes,750000
793,28,Private Sector/Self Employed,Yes,1150000
794,26,Government Sector,Yes,500000
795,32,Government Sector,Yes,350000
796,28,Government Sector,Yes,300000
797,28,Government Sector,Yes,300000
798,34,Government Sector,Yes,1300000
799,31,Government Sector,Yes,1200000
800,31,Government Sector,Yes,1200000
801,31,Private Sector/Self Employed,Yes,500000
802,30,Private Sector/Self Employed,No,550000
803,29,Private Sector/Self Employed,Yes,1050000
804,27,Private Sector/Self Employed,No,350000
805,29,Private Sector/Self Employed,Yes,1050000
806,30,Private Sector/Self Employed,No,550000
807,27,Government Sector,Yes,1050000
808,34,Private Sector/Self Employed,Yes,1500000
809,30,Private Sector/Self Employed,No,1450000
810,29,Private Sector/Self Employed,Yes,600000
811,26,Private Sector/Self Employed,Yes,450000
812,33,Government Sector,Yes,1000000
813,30,Private Sector/Self Employed,No,550000
814,29,Private Sector/Self Employed,Yes,1050000
815,25,Private Sector/Self Employed,No,1700000
816,34,Private Sector/Self Employed,Yes,1050000
817,27,Government Sector,Yes,500000
818,28,Private Sector/Self Employed,Yes,900000
819,28,Private Sector/Self Employed,Yes,1150000
820,25,Private Sector/Self Employed,No,1150000
821,34,Private Sector/Self Employed,Yes,1000000
822,29,Private Sector/Self Employed,Yes,1200000
823,28,Private Sector/Self Employed,Yes,1200000
824,32,Government Sector,Yes,850000
825,29,Private Sector/Self Employed,Yes,900000
826,28,Private Sector/Self Employed,Yes,1150000
827,32,Government Sector,Yes,850000
828,34,Private Sector/Self Employed,Yes,1000000
829,26,Private Sector/Self Employed,Yes,600000
830,34,Private Sector/Self Employed,Yes,1050000
831,27,Government Sector,Yes,1050000
832,34,Private Sector/Self Employed,Yes,1500000
833,31,Government Sector,Yes,1500000
834,33,Private Sector/Self Employed,Yes,1400000
835,35,Private Sector/Self Employed,No,600000
836,28,Private Sector/Self Employed,Yes,1450000
837,29,Private Sector/Self Employed,Yes,1100000
838,29,Private Sector/Self Employed,Yes,1100000
839,26,Private Sector/Self Employed,Yes,1250000
840,28,Private Sector/Self Employed,Yes,1100000
841,34,Private Sector/Self Employed,Yes,1500000
842,29,Private Sector/Self Employed,Yes,1100000
843,29,Private Sector/Self Employed,Yes,600000
844,33,Government Sector,Yes,1100000
845,28,Private Sector/Self Employed,Yes,750000
846,28,Private Sector/Self Employed,Yes,700000
847,29,Private Sector/Self Employed,Yes,1050000
848,35,Government Sector,Yes,900000
849,34,Government Sector,Yes,1300000
850,32,Government Sector,Yes,850000
851,28,Private Sector/Self Employed,Yes,500000
852,27,Government Sector,Yes,500000
853,31,Government Sector,Yes,400000
854,32,Government Sector,Yes,850000
855,26,Private Sector/Self Employed,Yes,500000
856,34,Private Sector/Self Employed,Yes,700000
857,28,Government Sector,Yes,600000
858,27,Government Sector,Yes,1050000
859,28,Private Sector/Self Employed,Yes,800000
860,34,Private Sector/Self Employed,Yes,1000000
861,30,Private Sector/Self Employed,No,1450000
862,28,Government Sector,Yes,300000
863,29,Private Sector/Self Employed,Yes,1100000
864,26,Private Sector/Self Employed,Yes,600000
865,31,Private Sector/Self Employed,Yes,1350000
866,31,Private Sector/Self Employed,Yes,1400000
867,33,Private Sector/Self Employed,Yes,750000
868,28,Government Sector,Yes,1200000
869,33,Private Sector/Self Employed,Yes,1400000
870,35,Private Sector/Self Employed,No,800000
871,25,Private Sector/Self Employed,No,1700000
872,27,Private Sector/Self Employed,No,1000000
873,32,Government Sector,Yes,350000
874,28,Private Sector/Self Employed,Yes,550000
875,29,Private Sector/Self Employed,Yes,600000
876,28,Private Sector/Self Employed,Yes,800000
877,26,Private Sector/Self Employed,Yes,1400000
878,26,Private Sector/Self Employed,Yes,600000
879,29,Private Sector/Self Employed,Yes,1050000
880,28,Private Sector/Self Employed,Yes,750000
881,29,Private Sector/Self Employed,Yes,1200000
882,26,Private Sector/Self Employed,Yes,600000
883,28,Private Sector/Self Employed,Yes,1350000
884,35,Government Sector,Yes,1100000
885,32,Government Sector,Yes,350000
886,31,Private Sector/Self Employed,Yes,1350000
887,28,Government Sector,Yes,600000
888,28,Private Sector/Self Employed,Yes,1250000
889,35,Private Sector/Self Employed,No,800000
890,33,Private Sector/Self Employed,Yes,1400000
891,29,Private Sector/Self Employed,Yes,1050000
892,29,Private Sector/Self Employed,Yes,1050000
893,31,Government Sector,Yes,400000
894,30,Private Sector/Self Employed,No,800000
895,28,Private Sector/Self Employed,Yes,600000
896,33,Government Sector,Yes,600000
897,31,Government Sector,Yes,1300000
898,31,Government Sector,Yes,1300000
899,25,Private Sector/Self Employed,Yes,1700000
900,29,Private Sector/Self Employed,Yes,1050000
901,33,Government Sector,Yes,700000
902,34,Private Sector/Self Employed,Yes,500000
903,28,Government Sector,Yes,600000
904,28,Government Sector,Yes,300000
905,28,Private Sector/Self Employed,Yes,550000
906,34,Government Sector,Yes,1300000
907,26,Private Sector/Self Employed,Yes,1400000
908,34,Private Sector/Self Employed,Yes,1300000
909,26,Private Sector/Self Employed,Yes,1400000
910,34,Government Sector,Yes,1300000
911,27,Government Sector,Yes,1050000
912,31,Private Sector/Self Employed,Yes,1400000
913,31,Private Sector/Self Employed,Yes,1400000
914,32,Government Sector,Yes,800000
915,28,Government Sector,Yes,600000
916,26,Private Sector/Self Employed,Yes,1500000
917,28,Government Sector,Yes,300000
918,33,Government Sector,Yes,1000000
919,26,Private Sector/Self Employed,Yes,1500000
920,32,Government Sector,Yes,650000
921,33,Government Sector,Yes,400000
922,29,Private Sector/Self Employed,Yes,900000
923,28,Private Sector/Self Employed,Yes,1100000
924,31,Government Sector,Yes,400000
925,30,Private Sector/Self Employed,No,800000
926,34,Private Sector/Self Employed,Yes,700000
927,33,Private Sector/Self Employed,Yes,1500000
928,26,Private Sector/Self Employed,Yes,450000
929,26,Private Sector/Self Employed,Yes,600000
930,34,Private Sector/Self Employed,Yes,700000
931,28,Government Sector,Yes,1200000
932,27,Government Sector,Yes,1050000
933,28,Government Sector,Yes,600000
934,28,Private Sector/Self Employed,Yes,800000
935,27,Private Sector/Self Employed,No,1550000
936,33,Government Sector,Yes,800000
937,28,Private Sector/Self Employed,Yes,1250000
938,28,Government Sector,Yes,1200000
939,31,Private Sector/Self Employed,Yes,500000
940,25,Private Sector/Self Employed,Yes,1400000
941,34,Private Sector/Self Employed,Yes,1000000
942,25,Private Sector/Self Employed,Yes,500000
943,29,Private Sector/Self Employed,Yes,1200000
944,33,Government Sector,Yes,600000
945,28,Private Sector/Self Employed,Yes,1200000
946,25,Private Sector/Self Employed,Yes,1400000
947,35,Private Sector/Self Employed,No,800000
948,29,Private Sector/Self Employed,Yes,500000
949,29,Private Sector/Self Employed,Yes,1200000
950,28,Private Sector/Self Employed,Yes,550000
951,34,Private Sector/Self Employed,Yes,1500000
952,28,Private Sector/Self Employed,Yes,1450000
953,29,Private Sector/Self Employed,Yes,1750000
954,34,Private Sector/Self Employed,Yes,1000000
955,34,Private Sector/Self Employed,Yes,1300000
956,25,Private Sector/Self Employed,No,1700000
957,28,Private Sector/Self Employed,Yes,500000
958,27,Private Sector/Self Employed,No,350000
959,31,Private Sector/Self Employed,Yes,500000
960,28,Private Sector/Self Employed,Yes,1450000
961,28,Government Sector,No,300000
962,33,Government Sector,Yes,1000000
963,26,Private Sector/Self Employed,Yes,600000
964,33,Government Sector,Yes,400000
965,25,Private Sector/Self Employed,No,1150000
966,25,Private Sector/Self Employed,Yes,1700000
967,29,Private Sector/Self Employed,Yes,900000
968,31,Private Sector/Self Employed,Yes,1250000
969,31,Private Sector/Self Employed,Yes,900000
970,27,Private Sector/Self Employed,No,450000
971,34,Private Sector/Self Employed,Yes,1050000
972,28,Private Sector/Self Employed,Yes,1200000
973,26,Private Sector/Self Employed,Yes,1500000
974,26,Private Sector/Self Employed,Yes,1500000
975,30,Private Sector/Self Employed,No,1450000
976,26,Private Sector/Self Employed,Yes,1300000
977,34,Private Sector/Self Employed,Yes,1500000
978,32,Government Sector,Yes,900000
979,30,Private Sector/Self Employed,No,650000
980,28,Government Sector,Yes,300000
981,27,Government Sector,Yes,750000
982,27,Government Sector,Yes,850000
983,35,Private Sector/Self Employed,No,950000
984,28,Private Sector/Self Employed,Yes,550000
985,25,Private Sector/Self Employed,Yes,1400000
986,25,Private Sector/Self Employed,Yes,1400000
987,33,Private Sector/Self Employed,Yes,1400000
988,31,Private Sector/Self Employed,Yes,1750000
989,33,Government Sector,Yes,400000
990,29,Private Sector/Self Employed,Yes,600000
991,30,Private Sector/Self Employed,No,1450000
992,28,Private Sector/Self Employed,Yes,1100000
993,34,Private Sector/Self Employed,Yes,700000
994,28,Private Sector/Self Employed,Yes,550000
995,27,Government Sector,Yes,850000
996,31,Private Sector/Self Employed,Yes,1400000
997,28,Private Sector/Self Employed,Yes,700000
998,26,Private Sector/Self Employed,Yes,1400000
999,34,Private Sector/Self Employed,Yes,1300000
1000,28,Government Sector,Yes,300000
1001,26,Private Sector/Self Employed,Yes,1250000
1002,29,Private Sector/Self Employed,Yes,500000
1003,31,Private Sector/Self Employed,Yes,1250000
1004,31,Government Sector,No,400000
1005,27,Private Sector/Self Employed,No,350000
1006,28,Private Sector/Self Employed,Yes,1100000
1007,34,Private Sector/Self Employed,Yes,1000000
1008,26,Private Sector/Self Employed,Yes,1400000
1009,34,Private Sector/Self Employed,Yes,1500000
1010,27,Government Sector,Yes,500000
1011,35,Private Sector/Self Employed,No,950000
1012,29,Private Sector/Self Employed,Yes,1200000
1013,25,Private Sector/Self Employed,No,600000
1014,26,Government Sector,Yes,550000
1015,26,Private Sector/Self Employed,Yes,1400000
1016,29,Private Sector/Self Employed,Yes,350000
1017,28,Government Sector,Yes,300000
1018,31,Government Sector,Yes,400000
1019,27,Government Sector,Yes,850000
1020,25,Private Sector/Self Employed,No,1150000
1021,28,Private Sector/Self Employed,Yes,1150000
1022,27,Government Sector,Yes,850000
1023,25,Private Sector/Self Employed,Yes,1400000
1024,32,Government Sector,Yes,800000
1025,31,Government Sector,Yes,1300000
1026,28,Private Sector/Self Employed,Yes,700000
1027,25,Private Sector/Self Employed,No,1150000
1028,25,Private Sector/Self Employed,No,1150000
1029,31,Government Sector,No,300000
1030,34,Private Sector/Self Employed,Yes,1000000
1031,29,Private Sector/Self Employed,Yes,1200000
1032,32,Government Sector,Yes,850000
1033,31,Private Sector/Self Employed,Yes,1250000
1034,25,Private Sector/Self Employed,Yes,1400000
1035,34,Private Sector/Self Employed,Yes,1300000
1036,28,Private Sector/Self Employed,Yes,750000
1037,29,Private Sector/Self Employed,Yes,900000
1038,30,Private Sector/Self Employed,No,550000
1039,28,Private Sector/Self Employed,Yes,800000
1040,32,Government Sector,Yes,850000
1041,26,Private Sector/Self Employed,Yes,500000
1042,31,Private Sector/Self Employed,Yes,500000
1043,30,Private Sector/Self Employed,No,500000
1044,25,Private Sector/Self Employed,No,1350000
1045,28,Private Sector/Self Employed,Yes,1100000
1046,33,Government Sector,Yes,400000
1047,31,Private Sector/Self Employed,Yes,1350000
1048,25,Private Sector/Self Employed,Yes,500000
1049,29,Private Sector/Self Employed,Yes,900000
1050,33,Government Sector,Yes,1100000
1051,25,Private Sector/Self Employed,No,600000
1052,29,Private Sector/Self Employed,Yes,1200000
1053,34,Private Sector/Self Employed,Yes,1050000
1054,31,Government Sector,Yes,400000
1055,25,Private Sector/Self Employed,Yes,1700000
1056,31,Government Sector,Yes,1300000
1057,28,Private Sector/Self Employed,Yes,700000
1058,27,Government Sector,Yes,900000
1059,32,Government Sector,Yes,350000
1060,35,Private Sector/Self Employed,No,950000
1061,31,Government Sector,Yes,400000
1062,32,Government Sector,Yes,650000
1063,28,Private Sector/Self Employed,Yes,1200000
1064,29,Private Sector/Self Employed,Yes,1200000
1065,28,Government Sector,No,300000
1066,29,Private Sector/Self Employed,Yes,1200000
1067,34,Private Sector/Self Employed,Yes,700000
1068,27,Government Sector,Yes,500000
1069,28,Private Sector/Self Employed,Yes,800000
1070,33,Government Sector,Yes,800000
1071,27,Government Sector,Yes,750000
1072,31,Government Sector,Yes,400000
1073,28,Private Sector/Self Employed,Yes,500000
1074,34,Private Sector/Self Employed,Yes,1500000
1075,32,Government Sector,Yes,650000
1076,31,Private Sector/Self Employed,Yes,1350000
1077,27,Government Sector,Yes,1050000
1078,31,Government Sector,No,300000
1079,34,Private Sector/Self Employed,Yes,1000000
1080,28,Private Sector/Self Employed,Yes,700000
1081,26,Government Sector,Yes,1450000
1082,29,Private Sector/Self Employed,Yes,1200000
1083,25,Private Sector/Self Employed,No,1150000
1084,29,Private Sector/Self Employed,Yes,1050000
1085,28,Private Sector/Self Employed,Yes,1250000
1086,28,Government Sector,Yes,300000
1087,31,Government Sector,Yes,1200000
1088,28,Private Sector/Self Employed,Yes,1250000
1089,26,Private Sector/Self Employed,Yes,500000
1090,29,Private Sector/Self Employed,Yes,1100000
1091,34,Private Sector/Self Employed,Yes,1500000
1092,31,Government Sector,Yes,1500000
1093,26,Private Sector/Self Employed,Yes,1500000
1094,34,Private Sector/Self Employed,Yes,700000
1095,34,Government Sector,Yes,1100000
1096,30,Private Sector/Self Employed,No,1450000
1097,28,Government Sector,Yes,600000
1098,28,Private Sector/Self Employed,Yes,1150000
1099,35,Private Sector/Self Employed,No,800000
1100,27,Private Sector/Self Employed,No,450000
1101,34,Private Sector/Self Employed,Yes,500000
1102,29,Private Sector/Self Employed,Yes,1200000
1103,34,Private Sector/Self Employed,Yes,1050000
1104,34,Private Sector/Self Employed,Yes,1000000
1105,26,Government Sector,Yes,1450000
1106,34,Private Sector/Self Employed,Yes,1300000
1107,26,Private Sector/Self Employed,Yes,1400000
1108,35,Private Sector/Self Employed,No,950000
1109,25,Private Sector/Self Employed,Yes,1400000
1110,29,Private Sector/Self Employed,Yes,1100000
1111,34,Private Sector/Self Employed,Yes,500000
1112,35,Private Sector/Self Employed,No,800000
1113,33,Government Sector,Yes,400000
1114,33,Government Sector,Yes,1000000
1115,34,Private Sector/Self Employed,Yes,700000
1116,28,Government Sector,Yes,600000
1117,28,Private Sector/Self Employed,Yes,800000
1118,33,Government Sector,Yes,1100000
1119,28,Government Sector,Yes,300000
1120,31,Government Sector,No,300000
1121,34,Private Sector/Self Employed,Yes,1000000
1122,34,Private Sector/Self Employed,Yes,700000
1123,25,Private Sector/Self Employed,Yes,1800000
1124,29,Private Sector/Self Employed,Yes,1100000
1125,28,Government Sector,Yes,300000
1126,29,Private Sector/Self Employed,Yes,1200000
1127,30,Private Sector/Self Employed,No,650000
1128,33,Government Sector,Yes,700000
1129,26,Private Sector/Self Employed,Yes,1500000
1130,28,Private Sector/Self Employed,Yes,550000
1131,31,Government Sector,Yes,400000
1132,34,Government Sector,Yes,1300000
1133,35,Government Sector,Yes,1100000
1134,31,Private Sector/Self Employed,Yes,1250000
1135,28,Private Sector/Self Employed,Yes,1100000
1136,27,Private Sector/Self Employed,No,600000
1137,35,Private Sector/Self Employed,No,800000
1138,28,Private Sector/Self Employed,Yes,900000
1139,26,Private Sector/Self Employed,Yes,500000
1140,28,Private Sector/Self Employed,Yes,750000
1141,33,Private Sector/Self Employed,Yes,750000
1142,27,Government Sector,Yes,750000
1143,27,Government Sector,Yes,500000
1144,31,Government Sector,No,300000
1145,28,Private Sector/Self Employed,Yes,500000
1146,29,Private Sector/Self Employed,Yes,1200000
1147,26,Private Sector/Self Employed,Yes,1500000
1148,28,Private Sector/Self Employed,Yes,700000
1149,25,Private Sector/Self Employed,Yes,1400000
1150,28,Private Sector/Self Employed,Yes,600000
1151,34,Private Sector/Self Employed,Yes,700000
1152,28,Government Sector,Yes,300000
1153,28,Private Sector/Self Employed,Yes,1150000
1154,34,Private Sector/Self Employed,Yes,1000000
1155,28,Government Sector,Yes,600000
1156,28,Private Sector/Self Employed,Yes,1300000
1157,28,Private Sector/Self Employed,Yes,800000
1158,34,Private Sector/Self Employed,Yes,700000
1159,31,Private Sector/Self Employed,Yes,1250000
1160,29,Private Sector/Self Employed,Yes,1050000
1161,28,Private Sector/Self Employed,Yes,600000
1162,34,Private Sector/Self Employed,No,1400000
1163,29,Private Sector/Self Employed,Yes,900000
1164,31,Private Sector/Self Employed,Yes,1400000
1165,28,Private Sector/Self Employed,Yes,1150000
1166,34,Private Sector/Self Employed,Yes,1300000
1167,34,Private Sector/Self Employed,Yes,1050000
1168,28,Government Sector,Yes,600000
1169,25,Private Sector/Self Employed,Yes,1400000
1170,34,Government Sector,Yes,1300000
1171,31,Government Sector,Yes,400000
1172,28,Private Sector/Self Employed,Yes,900000
1173,32,Government Sector,Yes,850000
1174,30,Private Sector/Self Employed,No,800000
1175,33,Government Sector,Yes,400000
1176,34,Private Sector/Self Employed,No,1300000
1177,34,Private Sector/Self Employed,Yes,700000
1178,28,Private Sector/Self Employed,Yes,800000
1179,27,Government Sector,Yes,500000
1180,26,Private Sector/Self Employed,Yes,500000
1181,28,Private Sector/Self Employed,Yes,600000
1182,28,Government Sector,Yes,300000
1183,29,Private Sector/Self Employed,Yes,1100000
1184,35,Private Sector/Self Employed,No,800000
1185,33,Government Sector,Yes,400000
1186,31,Private Sector/Self Employed,Yes,900000
1187,29,Private Sector/Self Employed,Yes,1200000
1188,26,Private Sector/Self Employed,Yes,500000
1189,34,Private Sector/Self Employed,No,1300000
1190,31,Private Sector/Self Employed,Yes,1250000
1191,25,Private Sector/Self Employed,No,1150000
1192,33,Government Sector,Yes,1100000
1193,34,Private Sector/Self Employed,No,950000
1194,31,Private Sector/Self Employed,Yes,1350000
1195,31,Private Sector/Self Employed,Yes,900000
1196,28,Government Sector,Yes,300000
1197,25,Private Sector/Self Employed,Yes,1700000
1198,33,Government Sector,Yes,400000
1199,28,Government Sector,Yes,1200000
1200,26,Private Sector/Self Employed,Yes,1400000
1201,28,Private Sector/Self Employed,Yes,650000
1202,31,Private Sector/Self Employed,Yes,1400000
1203,28,Private Sector/Self Employed,Yes,1150000
1204,28,Private Sector/Self Employed,Yes,800000
1205,33,Government Sector,Yes,700000
1206,29,Private Sector/Self Employed,Yes,1200000
1207,26,Private Sector/Self Employed,Yes,450000
1208,31,Government Sector,Yes,1200000
1209,34,Private Sector/Self Employed,Yes,1500000
1210,30,Private Sector/Self Employed,No,800000
1211,25,Private Sector/Self Employed,Yes,1700000
1212,34,Private Sector/Self Employed,No,1300000
1213,25,Government Sector,Yes,750000
1214,31,Government Sector,Yes,1200000
1215,25,Private Sector/Self Employed,Yes,1700000
1216,27,Private Sector/Self Employed,No,800000
1217,31,Government Sector,Yes,400000
1218,28,Private Sector/Self Employed,Yes,1150000
1219,34,Private Sector/Self Employed,Yes,700000
1220,28,Private Sector/Self Employed,Yes,1100000
1221,28,Government Sector,Yes,300000
1222,29,Private Sector/Self Employed,Yes,1350000
1223,33,Private Sector/Self Employed,Yes,550000
1224,33,Private Sector/Self Employed,Yes,1400000
1225,31,Government Sector,No,350000
1226,34,Private Sector/Self Employed,Yes,1500000
1227,29,Private Sector/Self Employed,Yes,1050000
1228,31,Government Sector,No,400000
1229,33,Government Sector,Yes,400000
1230,31,Government Sector,Yes,1500000
1231,34,Private Sector/Self Employed,Yes,1500000
1232,31,Government Sector,No,350000
1233,27,Government Sector,Yes,1050000
1234,34,Government Sector,Yes,1300000
1235,28,Government Sector,Yes,1200000
1236,28,Government Sector,Yes,600000
1237,31,Private Sector/Self Employed,Yes,900000
1238,34,Private Sector/Self Employed,Yes,700000
1239,34,Private Sector/Self Employed,Yes,1500000
1240,28,Private Sector/Self Employed,Yes,700000
1241,33,Government Sector,Yes,1100000
1242,28,Private Sector/Self Employed,Yes,700000
1243,33,Government Sector,Yes,700000
1244,25,Private Sector/Self Employed,No,1150000
1245,26,Private Sector/Self Employed,Yes,1400000
1246,26,Private Sector/Self Employed,Yes,1250000
1247,26,Private Sector/Self Employed,Yes,500000
1248,28,Private Sector/Self Employed,Yes,1200000
1249,28,Government Sector,Yes,600000
1250,28,Private Sector/Self Employed,Yes,800000
1251,28,Private Sector/Self Employed,Yes,500000
1252,34,Private Sector/Self Employed,Yes,1050000
1253,25,Private Sector/Self Employed,Yes,1700000
1254,34,Private Sector/Self Employed,Yes,700000
1255,28,Government Sector,Yes,1200000
1256,28,Private Sector/Self Employed,Yes,500000
1257,28,Private Sector/Self Employed,No,550000
1258,34,Government Sector,Yes,1300000
1259,33,Government Sector,Yes,400000
1260,30,Private Sector/Self Employed,No,550000
1261,33,Government Sector,Yes,800000
1262,27,Government Sector,Yes,500000
1263,28,Government Sector,Yes,600000
1264,31,Government Sector,Yes,400000
1265,34,Private Sector/Self Employed,Yes,1000000
1266,33,Private Sector/Self Employed,Yes,1400000
1267,31,Private Sector/Self Employed,Yes,1350000
1268,33,Government Sector,Yes,1000000
1269,31,Government Sector,Yes,1200000
1270,31,Government Sector,No,350000
1271,25,Private Sector/Self Employed,Yes,500000
1272,33,Government Sector,Yes,650000
1273,29,Private Sector/Self Employed,Yes,1200000
1274,34,Private Sector/Self Employed,Yes,1000000
1275,29,Private Sector/Self Employed,Yes,600000
1276,31,Government Sector,Yes,1200000
1277,34,Private Sector/Self Employed,Yes,1500000
1278,30,Private Sector/Self Employed,No,550000
1279,29,Private Sector/Self Employed,Yes,1200000
1280,25,Private Sector/Self Employed,Yes,1400000
1281,29,Government Sector,Yes,600000
1282,31,Private Sector/Self Employed,Yes,1400000
1283,28,Private Sector/Self Employed,Yes,900000
1284,33,Government Sector,Yes,400000
1285,26,Government Sector,Yes,500000
1286,28,Private Sector/Self Employed,Yes,550000
1287,34,Private Sector/Self Employed,Yes,500000
1288,28,Private Sector/Self Employed,Yes,750000
1289,28,Private Sector/Self Employed,Yes,800000
1290,31,Private Sector/Self Employed,Yes,1400000
1291,34,Private Sector/Self Employed,Yes,1500000
1292,33,Government Sector,Yes,650000
1293,28,Government Sector,Yes,300000
1294,28,Private Sector/Self Employed,Yes,600000
1295,35,Government Sector,Yes,900000
1296,29,Private Sector/Self Employed,Yes,1050000
1297,28,Government Sector,Yes,300000
1298,27,Government Sector,Yes,500000
1299,28,Private Sector/Self Employed,Yes,700000
1300,31,Government Sector,Yes,1200000
1301,28,Private Sector/Self Employed,No,550000
1302,28,Private Sector/Self Employed,No,550000
1303,28,Private Sector/Self Employed,Yes,1200000
1304,34,Private Sector/Self Employed,Yes,1050000
1305,29,Private Sector/Self Employed,Yes,900000
1306,28,Private Sector/Self Employed,Yes,700000
1307,28,Private Sector/Self Employed,Yes,900000
1308,31,Private Sector/Self Employed,Yes,1250000
1309,33,Private Sector/Self Employed,Yes,1400000
1310,28,Private Sector/Self Employed,Yes,1150000
1311,28,Private Sector/Self Employed,Yes,800000
1312,34,Private Sector/Self Employed,Yes,1300000
1313,29,Private Sector/Self Employed,Yes,900000
1314,31,Private Sector/Self Employed,Yes,1400000
1315,25,Private Sector/Self Employed,No,1150000
1316,31,Private Sector/Self Employed,Yes,1400000
1317,25,Private Sector/Self Employed,No,1700000
1318,31,Private Sector/Self Employed,Yes,1350000
1319,26,Private Sector/Self Employed,Yes,600000
1320,31,Private Sector/Self Employed,Yes,1350000
1321,31,Government Sector,No,300000
1322,34,Private Sector/Self Employed,Yes,1050000
1323,34,Private Sector/Self Employed,Yes,1750000
1324,33,Government Sector,Yes,400000
1325,30,Private Sector/Self Employed,No,800000
1326,34,Private Sector/Self Employed,Yes,700000
1327,28,Private Sector/Self Employed,Yes,800000
1328,28,Private Sector/Self Employed,Yes,900000
1329,33,Private Sector/Self Employed,Yes,1400000
1330,33,Government Sector,Yes,1100000
1331,31,Private Sector/Self Employed,Yes,1250000
1332,29,Private Sector/Self Employed,Yes,1200000
1333,28,Private Sector/Self Employed,Yes,1250000
1334,25,Government Sector,Yes,750000
1335,25,Government Sector,Yes,750000
1336,28,Private Sector/Self Employed,Yes,900000
1337,28,Private Sector/Self Employed,Yes,1250000
1338,28,Private Sector/Self Employed,Yes,1450000
1339,34,Private Sector/Self Employed,Yes,1500000
1340,28,Private Sector/Self Employed,Yes,700000
1341,34,Private Sector/Self Employed,Yes,1000000
1342,25,Private Sector/Self Employed,Yes,1400000
1343,26,Private Sector/Self Employed,Yes,1500000
1344,25,Private Sector/Self Employed,Yes,1700000
1345,28,Private Sector/Self Employed,Yes,700000
1346,29,Private Sector/Self Employed,Yes,1100000
1347,28,Private Sector/Self Employed,Yes,1300000
1348,33,Government Sector,Yes,800000
1349,26,Private Sector/Self Employed,Yes,1400000
1350,33,Government Sector,Yes,700000
1351,28,Private Sector/Self Employed,Yes,1100000
1352,31,Government Sector,Yes,400000
1353,33,Private Sector/Self Employed,Yes,1200000
1354,26,Private Sector/Self Employed,Yes,1400000
1355,30,Private Sector/Self Employed,No,650000
1356,30,Private Sector/Self Employed,No,550000
1357,30,Private Sector/Self Employed,No,550000
1358,26,Private Sector/Self Employed,Yes,1500000
1359,32,Government Sector,Yes,850000
1360,34,Private Sector/Self Employed,Yes,1300000
1361,26,Private Sector/Self Employed,Yes,1400000
1362,28,Private Sector/Self Employed,Yes,700000
1363,28,Government Sector,Yes,600000
1364,29,Private Sector/Self Employed,Yes,350000
1365,34,Private Sector/Self Employed,No,750000
1366,31,Government Sector,No,1750000
1367,27,Government Sector,Yes,850000
1368,29,Private Sector/Self Employed,Yes,1350000
1369,34,Private Sector/Self Employed,No,750000
1370,28,Private Sector/Self Employed,Yes,800000
1371,28,Government Sector,Yes,1200000
1372,33,Private Sector/Self Employed,Yes,550000
1373,28,Private Sector/Self Employed,Yes,650000
1374,28,Government Sector,Yes,300000
1375,28,Private Sector/Self Employed,Yes,1450000
1376,27,Government Sector,Yes,750000
1377,26,Government Sector,Yes,1450000
1378,34,Government Sector,Yes,1300000
1379,35,Private Sector/Self Employed,No,800000
1380,28,Private Sector/Self Employed,Yes,500000
1381,25,Private Sector/Self Employed,Yes,1400000
1382,28,Private Sector/Self Employed,Yes,1400000
1383,25,Private Sector/Self Employed,Yes,1400000
1384,34,Private Sector/Self Employed,Yes,1000000
1385,27,Government Sector,Yes,500000
1386,28,Private Sector/Self Employed,Yes,500000
1387,30,Private Sector/Self Employed,No,650000
1388,27,Private Sector/Self Employed,No,350000
1389,25,Private Sector/Self Employed,No,1150000
1390,32,Government Sector,Yes,900000
1391,31,Private Sector/Self Employed,Yes,1400000
1392,27,Government Sector,Yes,1050000
1393,33,Government Sector,Yes,1000000
1394,30,Private Sector/Self Employed,No,650000
1395,35,Government Sector,Yes,1100000
1396,32,Government Sector,Yes,350000
1397,28,Private Sector/Self Employed,Yes,900000
1398,31,Private Sector/Self Employed,Yes,1400000
1399,25,Private Sector/Self Employed,No,600000
1400,29,Private Sector/Self Employed,Yes,1050000
1401,28,Government Sector,Yes,300000
1402,26,Private Sector/Self Employed,Yes,600000
1403,28,Private Sector/Self Employed,Yes,750000
1404,34,Private Sector/Self Employed,Yes,1000000
1405,28,Government Sector,Yes,600000
1406,33,Government Sector,Yes,1100000
1407,31,Private Sector/Self Employed,Yes,1250000
1408,33,Government Sector,Yes,700000
1409,28,Private Sector/Self Employed,Yes,1200000
1410,28,Private Sector/Self Employed,Yes,550000
1411,29,Private Sector/Self Employed,Yes,1200000
1412,26,Private Sector/Self Employed,Yes,500000
1413,28,Private Sector/Self Employed,Yes,1150000
1414,34,Private Sector/Self Employed,Yes,700000
1415,31,Government Sector,Yes,1300000
1416,26,Private Sector/Self Employed,Yes,600000
1417,35,Private Sector/Self Employed,No,800000
1418,30,Private Sector/Self Employed,No,800000
1419,27,Government Sector,Yes,1050000
1420,33,Government Sector,Yes,700000
1421,31,Private Sector/Self Employed,Yes,1350000
1422,28,Private Sector/Self Employed,Yes,700000
1423,33,Private Sector/Self Employed,Yes,550000
1424,31,Government Sector,Yes,400000
1425,28,Government Sector,Yes,600000
1426,26,Government Sector,Yes,500000
1427,25,Private Sector/Self Employed,No,1150000
1428,34,Private Sector/Self Employed,Yes,1300000
1429,32,Government Sector,Yes,650000
1430,25,Private Sector/Self Employed,Yes,1400000
1431,25,Private Sector/Self Employed,No,1150000
1432,28,Private Sector/Self Employed,Yes,700000
1433,31,Private Sector/Self Employed,Yes,1400000
1434,34,Private Sector/Self Employed,Yes,1750000
1435,34,Private Sector/Self Employed,Yes,500000
1436,31,Private Sector/Self Employed,Yes,900000
1437,30,Private Sector/Self Employed,No,500000
1438,32,Government Sector,Yes,850000
1439,33,Government Sector,Yes,400000
1440,34,Private Sector/Self Employed,Yes,850000
1441,31,Government Sector,Yes,400000
1442,26,Private Sector/Self Employed,Yes,500000
1443,29,Private Sector/Self Employed,Yes,1200000
1444,31,Private Sector/Self Employed,Yes,900000
1445,28,Private Sector/Self Employed,Yes,1100000
1446,29,Private Sector/Self Employed,Yes,500000
1447,31,Government Sector,No,300000
1448,32,Government Sector,Yes,800000
1449,29,Private Sector/Self Employed,Yes,1100000
1450,34,Private Sector/Self Employed,Yes,1050000
1451,25,Private Sector/Self Employed,No,1150000
1452,31,Private Sector/Self Employed,Yes,1350000
1453,30,Private Sector/Self Employed,No,550000
1454,27,Government Sector,Yes,1050000
1455,33,Government Sector,Yes,1100000
1456,25,Private Sector/Self Employed,No,1700000
1457,25,Private Sector/Self Employed,No,600000
1458,28,Private Sector/Self Employed,Yes,800000
1459,34,Private Sector/Self Employed,Yes,1500000
1460,28,Private Sector/Self Employed,Yes,550000
1461,31,Government Sector,No,400000
1462,28,Private Sector/Self Employed,Yes,500000
1463,28,Private Sector/Self Employed,Yes,1150000
1464,31,Government Sector,Yes,400000
1465,35,Private Sector/Self Employed,No,950000
1466,29,Private Sector/Self Employed,Yes,1200000
1467,32,Government Sector,Yes,850000
1468,31,Private Sector/Self Employed,Yes,1250000
1469,28,Government Sector,Yes,300000
1470,33,Government Sector,Yes,1100000
1471,35,Government Sector,Yes,1100000
1472,28,Private Sector/Self Employed,Yes,1200000
1473,29,Private Sector/Self Employed,Yes,1050000
1474,28,Government Sector,Yes,300000
1475,28,Government Sector,Yes,300000
1476,33,Private Sector/Self Employed,Yes,1750000
1477,34,Private Sector/Self Employed,Yes,1000000
1478,28,Government Sector,Yes,1100000
1479,25,Private Sector/Self Employed,Yes,1400000
1480,27,Government Sector,Yes,750000
1481,34,Private Sector/Self Employed,Yes,500000
1482,33,Government Sector,Yes,700000
1483,28,Government Sector,Yes,300000
1484,28,Private Sector/Self Employed,Yes,800000
1485,34,Private Sector/Self Employed,Yes,500000
1486,32,Government Sector,Yes,350000
1487,32,Government Sector,Yes,350000
1488,28,Private Sector/Self Employed,Yes,700000
1489,29,Private Sector/Self Employed,Yes,1350000
1490,25,Private Sector/Self Employed,No,1150000
1491,26,Private Sector/Self Employed,Yes,1400000
1492,27,Private Sector/Self Employed,No,1000000
1493,32,Government Sector,Yes,900000
1494,25,Government Sector,Yes,750000
1495,29,Private Sector/Self Employed,Yes,600000
1496,28,Private Sector/Self Employed,Yes,750000
1497,33,Government Sector,Yes,400000
1498,33,Government Sector,Yes,600000
1499,28,Private Sector/Self Employed,Yes,1200000
1500,25,Private Sector/Self Employed,Yes,1750000
1501,28,Private Sector/Self Employed,Yes,800000
1502,28,Private Sector/Self Employed,Yes,750000
1503,29,Private Sector/Self Employed,Yes,500000
1504,34,Private Sector/Self Employed,Yes,850000
1505,27,Government Sector,Yes,500000
1506,28,Private Sector/Self Employed,Yes,1150000
1507,27,Government Sector,Yes,750000
1508,25,Private Sector/Self Employed,No,1700000
1509,28,Private Sector/Self Employed,Yes,1300000
1510,26,Private Sector/Self Employed,Yes,500000
1511,26,Private Sector/Self Employed,Yes,1300000
1512,28,Private Sector/Self Employed,Yes,500000
1513,28,Private Sector/Self Employed,Yes,1450000
1514,34,Private Sector/Self Employed,Yes,1000000
1515,32,Government Sector,Yes,350000
1516,34,Government Sector,Yes,1300000
1517,26,Private Sector/Self Employed,Yes,1400000
1518,31,Private Sector/Self Employed,Yes,1250000
1519,28,Government Sector,Yes,300000
1520,28,Government Sector,Yes,600000
1521,29,Private Sector/Self Employed,Yes,1350000
1522,31,Government Sector,No,400000
1523,27,Government Sector,Yes,750000
1524,29,Private Sector/Self Employed,Yes,1200000
1525,30,Private Sector/Self Employed,No,800000
1526,30,Private Sector/Self Employed,No,550000
1527,31,Private Sector/Self Employed,Yes,1250000
1528,28,Private Sector/Self Employed,Yes,750000
1529,31,Private Sector/Self Employed,Yes,1250000
1530,26,Private Sector/Self Employed,Yes,500000
1531,27,Government Sector,Yes,750000
1532,28,Government Sector,Yes,1200000
1533,33,Government Sector,Yes,600000
1534,33,Government Sector,Yes,1750000
1535,33,Government Sector,Yes,650000
1536,26,Private Sector/Self Employed,Yes,600000
1537,29,Private Sector/Self Employed,Yes,500000
1538,31,Government Sector,Yes,400000
1539,33,Private Sector/Self Employed,Yes,550000
1540,34,Government Sector,Yes,1100000
1541,28,Private Sector/Self Employed,Yes,1100000
1542,28,Private Sector/Self Employed,Yes,800000
1543,32,Government Sector,Yes,350000
1544,29,Private Sector/Self Employed,Yes,1200000
1545,34,Private Sector/Self Employed,No,1400000
1546,30,Private Sector/Self Employed,No,550000
1547,34,Private Sector/Self Employed,Yes,1500000
1548,27,Private Sector/Self Employed,No,450000
1549,28,Private Sector/Self Employed,Yes,700000
1550,28,Private Sector/Self Employed,Yes,1200000
1551,28,Private Sector/Self Employed,Yes,1300000
1552,28,Private Sector/Self Employed,Yes,750000
1553,28,Private Sector/Self Employed,Yes,1450000
1554,31,Private Sector/Self Employed,Yes,900000
1555,26,Private Sector/Self Employed,Yes,1400000
1556,30,Private Sector/Self Employed,No,1450000
1557,32,Government Sector,Yes,800000
1558,32,Government Sector,Yes,800000
1559,34,Private Sector/Self Employed,Yes,1050000
1560,28,Private Sector/Self Employed,Yes,1200000
1561,28,Private Sector/Self Employed,Yes,700000
1562,29,Private Sector/Self Employed,Yes,1100000
1563,31,Private Sector/Self Employed,Yes,1250000
1564,30,Private Sector/Self Employed,No,550000
1565,28,Private Sector/Self Employed,Yes,800000
1566,34,Private Sector/Self Employed,Yes,1500000
1567,33,Private Sector/Self Employed,Yes,1500000
1568,29,Private Sector/Self Employed,Yes,1200000
1569,27,Government Sector,Yes,500000
1570,28,Private Sector/Self Employed,Yes,700000
1571,34,Private Sector/Self Employed,Yes,1500000
1572,25,Private Sector/Self Employed,No,1150000
1573,33,Government Sector,Yes,650000
1574,28,Private Sector/Self Employed,No,550000
1575,30,Private Sector/Self Employed,No,550000
1576,28,Private Sector/Self Employed,Yes,1100000
1577,28,Government Sector,No,300000
1578,27,Government Sector,Yes,500000
1579,28,Private Sector/Self Employed,Yes,1200000
1580,28,Private Sector/Self Employed,Yes,1200000
1581,33,Private Sector/Self Employed,Yes,550000
1582,31,Private Sector/Self Employed,Yes,900000
1583,28,Government Sector,Yes,300000
1584,28,Government Sector,Yes,300000
1585,25,Private Sector/Self Employed,Yes,1700000
1586,28,Private Sector/Self Employed,Yes,1450000
1587,28,Private Sector/Self Employed,Yes,750000
1588,31,Private Sector/Self Employed,Yes,900000
1589,25,Private Sector/Self Employed,Yes,1400000
1590,30,Private Sector/Self Employed,No,550000
1591,28,Government Sector,Yes,300000
1592,25,Private Sector/Self Employed,No,1700000
1593,26,Private Sector/Self Employed,Yes,500000
1594,25,Private Sector/Self Employed,Yes,1400000
1595,34,Private Sector/Self Employed,Yes,500000
1596,31,Government Sector,No,400000
1597,31,Private Sector/Self Employed,Yes,1250000
1598,32,Government Sector,Yes,650000
1599,27,Government Sector,Yes,850000
1600,28,Government Sector,Yes,300000
1601,28,Private Sector/Self Employed,Yes,1250000
1602,28,Private Sector/Self Employed,Yes,700000
1603,28,Government Sector,Yes,600000
1604,29,Private Sector/Self Employed,Yes,1050000
1605,26,Private Sector/Self Employed,Yes,450000
1606,33,Government Sector,Yes,700000
1607,29,Private Sector/Self Employed,Yes,350000
1608,26,Private Sector/Self Employed,Yes,1500000
1609,27,Government Sector,Yes,500000
1610,33,Private Sector/Self Employed,Yes,550000
1611,26,Private Sector/Self Employed,Yes,1400000
1612,31,Private Sector/Self Employed,Yes,1400000
1613,28,Private Sector/Self Employed,Yes,550000
1614,34,Government Sector,Yes,1300000
1615,30,Private Sector/Self Employed,No,650000
1616,27,Government Sector,Yes,500000
1617,28,Private Sector/Self Employed,Yes,1150000
1618,28,Government Sector,Yes,300000
1619,25,Government Sector,Yes,750000
1620,27,Government Sector,Yes,850000
1621,31,Private Sector/Self Employed,Yes,900000
1622,34,Private Sector/Self Employed,Yes,1000000
1623,33,Private Sector/Self Employed,Yes,1400000
1624,25,Private Sector/Self Employed,No,1150000
1625,28,Government Sector,Yes,300000
1626,26,Private Sector/Self Employed,Yes,600000
1627,29,Private Sector/Self Employed,Yes,1050000
1628,29,Private Sector/Self Employed,Yes,1150000
1629,34,Private Sector/Self Employed,Yes,1000000
1630,31,Private Sector/Self Employed,Yes,900000
1631,33,Government Sector,Yes,1000000
1632,32,Government Sector,Yes,800000
1633,25,Private Sector/Self Employed,No,1150000
1634,34,Private Sector/Self Employed,Yes,1000000
1635,31,Private Sector/Self Employed,Yes,1250000
1636,28,Private Sector/Self Employed,Yes,1400000
1637,35,Private Sector/Self Employed,No,800000
1638,29,Private Sector/Self Employed,Yes,1200000
1639,25,Private Sector/Self Employed,Yes,1700000
1640,26,Private Sector/Self Employed,Yes,600000
1641,28,Private Sector/Self Employed,Yes,1100000
1642,31,Private Sector/Self Employed,Yes,1250000
1643,28,Private Sector/Self Employed,Yes,1150000
1644,28,Private Sector/Self Employed,Yes,1100000
1645,25,Private Sector/Self Employed,No,1150000
1646,28,Private Sector/Self Employed,Yes,1250000
1647,34,Private Sector/Self Employed,Yes,850000
1648,28,Private Sector/Self Employed,Yes,1100000
1649,28,Private Sector/Self Employed,Yes,1150000
1650,25,Private Sector/Self Employed,Yes,1800000
1651,34,Private Sector/Self Employed,Yes,1500000
1652,34,Government Sector,Yes,1100000
1653,26,Private Sector/Self Employed,Yes,500000
1654,25,Private Sector/Self Employed,Yes,1400000
1655,28,Government Sector,Yes,300000
1656,26,Private Sector/Self Employed,Yes,600000
1657,28,Private Sector/Self Employed,Yes,550000
1658,35,Private Sector/Self Employed,No,950000
1659,29,Private Sector/Self Employed,Yes,500000
1660,29,Private Sector/Self Employed,Yes,1200000
1661,28,Private Sector/Self Employed,Yes,700000
1662,28,Private Sector/Self Employed,Yes,550000
1663,28,Private Sector/Self Employed,Yes,1250000
1664,25,Private Sector/Self Employed,No,1150000
1665,31,Government Sector,No,300000
1666,34,Private Sector/Self Employed,No,1300000
1667,28,Private Sector/Self Employed,Yes,750000
1668,29,Private Sector/Self Employed,Yes,350000
1669,26,Private Sector/Self Employed,Yes,500000
1670,34,Private Sector/Self Employed,Yes,1050000
1671,29,Private Sector/Self Employed,Yes,1350000
1672,28,Private Sector/Self Employed,Yes,1350000
1673,28,Private Sector/Self Employed,Yes,700000
1674,34,Private Sector/Self Employed,No,950000
1675,33,Private Sector/Self Employed,Yes,750000
1676,27,Government Sector,Yes,1050000
1677,28,Government Sector,Yes,300000
1678,31,Private Sector/Self Employed,Yes,1350000
1679,28,Private Sector/Self Employed,Yes,550000
1680,31,Government Sector,Yes,1300000
1681,29,Private Sector/Self Employed,Yes,1050000
1682,30,Private Sector/Self Employed,No,800000
1683,28,Private Sector/Self Employed,Yes,800000
1684,26,Private Sector/Self Employed,Yes,1400000
1685,28,Private Sector/Self Employed,Yes,750000
1686,28,Private Sector/Self Employed,Yes,800000
1687,31,Government Sector,No,400000
1688,31,Private Sector/Self Employed,Yes,1250000
1689,27,Government Sector,Yes,500000
1690,35,Private Sector/Self Employed,No,800000
1691,26,Private Sector/Self Employed,Yes,1400000
1692,29,Private Sector/Self Employed,Yes,1100000
1693,31,Government Sector,Yes,1300000
1694,31,Government Sector,Yes,400000
1695,35,Government Sector,Yes,1100000
1696,28,Private Sector/Self Employed,Yes,800000
1697,29,Private Sector/Self Employed,Yes,1050000
1698,29,Private Sector/Self Employed,Yes,500000
1699,28,Private Sector/Self Employed,Yes,700000
1700,28,Private Sector/Self Employed,Yes,800000
1701,31,Private Sector/Self Employed,Yes,1250000
1702,27,Government Sector,Yes,1050000
1703,31,Private Sector/Self Employed,Yes,900000
1704,26,Private Sector/Self Employed,Yes,1400000
1705,28,Government Sector,Yes,300000
1706,33,Government Sector,Yes,400000
1707,35,Private Sector/Self Employed,No,800000
1708,26,Private Sector/Self Employed,Yes,1250000
1709,28,Private Sector/Self Employed,Yes,1200000
1710,31,Private Sector/Self Employed,Yes,1350000
1711,28,Private Sector/Self Employed,Yes,1100000
1712,28,Private Sector/Self Employed,Yes,1400000
1713,28,Private Sector/Self Employed,Yes,800000
1714,27,Government Sector,Yes,500000
1715,28,Private Sector/Self Employed,Yes,800000
1716,31,Private Sector/Self Employed,Yes,1250000
1717,34,Private Sector/Self Employed,Yes,1500000
1718,34,Private Sector/Self Employed,Yes,700000
1719,25,Private Sector/Self Employed,Yes,1700000
1720,29,Private Sector/Self Employed,Yes,1100000
1721,30,Private Sector/Self Employed,No,1450000
1722,34,Private Sector/Self Employed,Yes,1500000
1723,32,Government Sector,Yes,800000
1724,28,Private Sector/Self Employed,Yes,900000
1725,28,Private Sector/Self Employed,Yes,700000
1726,34,Private Sector/Self Employed,Yes,1500000
1727,28,Private Sector/Self Employed,Yes,1100000
1728,26,Private Sector/Self Employed,Yes,500000
1729,35,Government Sector,Yes,900000
1730,31,Private Sector/Self Employed,Yes,1100000
1731,31,Private Sector/Self Employed,Yes,500000
1732,29,Private Sector/Self Employed,Yes,1200000
1733,31,Government Sector,No,300000
1734,34,Private Sector/Self Employed,Yes,1050000
1735,34,Private Sector/Self Employed,Yes,500000
1736,33,Private Sector/Self Employed,Yes,750000
1737,27,Government Sector,Yes,1050000
1738,29,Private Sector/Self Employed,Yes,1200000
1739,29,Private Sector/Self Employed,Yes,500000
1740,26,Private Sector/Self Employed,Yes,600000
1741,28,Private Sector/Self Employed,Yes,800000
1742,28,Private Sector/Self Employed,Yes,800000
1743,35,Private Sector/Self Employed,No,950000
1744,28,Private Sector/Self Employed,No,550000
1745,34,Private Sector/Self Employed,Yes,850000
1746,31,Government Sector,Yes,400000
1747,33,Private Sector/Self Employed,Yes,1500000
1748,28,Private Sector/Self Employed,Yes,1100000
1749,33,Government Sector,Yes,1100000
1750,28,Private Sector/Self Employed,Yes,700000
1751,28,Government Sector,Yes,300000
1752,26,Government Sector,Yes,500000
1753,33,Government Sector,Yes,600000
1754,30,Private Sector/Self Employed,No,1450000
1755,34,Private Sector/Self Employed,Yes,850000
1756,29,Private Sector/Self Employed,Yes,900000
1757,25,Private Sector/Self Employed,No,1150000
1758,26,Government Sector,Yes,500000
1759,25,Government Sector,Yes,750000
1760,34,Private Sector/Self Employed,Yes,1500000
1761,30,Private Sector/Self Employed,No,500000
1762,28,Private Sector/Self Employed,Yes,1300000
1763,29,Private Sector/Self Employed,Yes,1050000
1764,32,Government Sector,Yes,900000
1765,34,Private Sector/Self Employed,Yes,1300000
1766,26,Government Sector,Yes,550000
1767,35,Private Sector/Self Employed,No,800000
1768,28,Private Sector/Self Employed,Yes,650000
1769,29,Private Sector/Self Employed,Yes,1050000
1770,34,Private Sector/Self Employed,Yes,1050000
1771,26,Private Sector/Self Employed,Yes,1400000
1772,28,Private Sector/Self Employed,Yes,1150000
1773,28,Private Sector/Self Employed,Yes,500000
1774,32,Government Sector,Yes,350000
1775,33,Government Sector,Yes,1100000
1776,29,Private Sector/Self Employed,Yes,1200000
1777,34,Private Sector/Self Employed,Yes,700000
1778,28,Private Sector/Self Employed,Yes,750000
1779,25,Private Sector/Self Employed,No,1700000
1780,31,Private Sector/Self Employed,Yes,950000
1781,29,Private Sector/Self Employed,Yes,600000
1782,34,Private Sector/Self Employed,Yes,850000
1783,29,Private Sector/Self Employed,Yes,1200000
1784,34,Private Sector/Self Employed,Yes,700000
1785,25,Private Sector/Self Employed,No,1150000
1786,31,Private Sector/Self Employed,Yes,950000
1787,34,Private Sector/Self Employed,Yes,500000
1788,26,Private Sector/Self Employed,Yes,1750000
1789,28,Private Sector/Self Employed,Yes,1150000
1790,28,Private Sector/Self Employed,Yes,1150000
1791,28,Private Sector/Self Employed,Yes,1200000
1792,34,Private Sector/Self Employed,Yes,1500000
1793,34,Private Sector/Self Employed,Yes,1500000
1794,28,Private Sector/Self Employed,Yes,1450000
1795,27,Government Sector,Yes,850000
1796,28,Private Sector/Self Employed,Yes,1200000
1797,28,Private Sector/Self Employed,Yes,800000
1798,25,Private Sector/Self Employed,Yes,1700000
1799,26,Government Sector,Yes,1450000
1800,25,Government Sector,Yes,750000
1801,29,Private Sector/Self Employed,Yes,1200000
1802,31,Government Sector,Yes,400000
1803,33,Private Sector/Self Employed,Yes,1400000
1804,28,Private Sector/Self Employed,Yes,1100000
1805,29,Private Sector/Self Employed,Yes,1200000
1806,26,Government Sector,Yes,550000
1807,26,Private Sector/Self Employed,Yes,600000
1808,28,Private Sector/Self Employed,Yes,500000
1809,28,Government Sector,Yes,300000
1810,27,Private Sector/Self Employed,No,350000
1811,29,Private Sector/Self Employed,Yes,1100000
1812,28,Private Sector/Self Employed,Yes,800000
1813,29,Private Sector/Self Employed,Yes,1350000
1814,28,Private Sector/Self Employed,No,550000
1815,33,Private Sector/Self Employed,Yes,550000
1816,34,Private Sector/Self Employed,Yes,1000000
1817,29,Private Sector/Self Employed,Yes,1050000
1818,26,Government Sector,Yes,500000
1819,25,Private Sector/Self Employed,Yes,1400000
1820,28,Private Sector/Self Employed,Yes,800000
1821,25,Private Sector/Self Employed,No,1350000
1822,35,Private Sector/Self Employed,No,800000
1823,25,Private Sector/Self Employed,Yes,1800000
1824,28,Private Sector/Self Employed,Yes,800000
1825,29,Private Sector/Self Employed,Yes,600000
1826,29,Private Sector/Self Employed,Yes,1200000
1827,32,Government Sector,Yes,800000
1828,28,Government Sector,Yes,300000
1829,31,Private Sector/Self Employed,Yes,1400000
1830,25,Private Sector/Self Employed,Yes,1700000
1831,31,Government Sector,No,350000
1832,29,Private Sector/Self Employed,Yes,1050000
1833,29,Private Sector/Self Employed,Yes,1200000
1834,31,Private Sector/Self Employed,Yes,1100000
1835,31,Government Sector,No,400000
1836,33,Government Sector,Yes,800000
1837,34,Private Sector/Self Employed,Yes,1300000
1838,28,Private Sector/Self Employed,Yes,700000
1839,32,Government Sector,Yes,350000
1840,28,Private Sector/Self Employed,Yes,900000
1841,32,Government Sector,Yes,350000
1842,34,Private Sector/Self Employed,Yes,700000
1843,28,Private Sector/Self Employed,Yes,1200000
1844,27,Private Sector/Self Employed,No,350000
1845,28,Government Sector,Yes,300000
1846,32,Government Sector,Yes,850000
1847,28,Government Sector,Yes,1200000
1848,31,Government Sector,No,400000
1849,28,Private Sector/Self Employed,Yes,1250000
1850,28,Government Sector,Yes,300000
1851,28,Private Sector/Self Employed,No,550000
1852,28,Private Sector/Self Employed,Yes,1200000
1853,34,Private Sector/Self Employed,Yes,700000
1854,34,Government Sector,Yes,1300000
1855,27,Private Sector/Self Employed,No,1550000
1856,26,Private Sector/Self Employed,Yes,600000
1857,27,Government Sector,Yes,900000
1858,30,Private Sector/Self Employed,No,750000
1859,32,Government Sector,Yes,800000
1860,28,Private Sector/Self Employed,Yes,550000
1861,34,Private Sector/Self Employed,Yes,1050000
1862,28,Private Sector/Self Employed,Yes,550000
1863,34,Private Sector/Self Employed,Yes,500000
1864,31,Government Sector,Yes,400000
1865,26,Private Sector/Self Employed,Yes,1400000
1866,28,Government Sector,Yes,300000
1867,35,Private Sector/Self Employed,No,800000
1868,25,Private Sector/Self Employed,Yes,1400000
1869,31,Government Sector,Yes,1500000
1870,25,Private Sector/Self Employed,Yes,1700000
1871,34,Private Sector/Self Employed,Yes,1500000
1872,29,Private Sector/Self Employed,Yes,1050000
1873,34,Private Sector/Self Employed,Yes,1000000
1874,29,Private Sector/Self Employed,Yes,500000
1875,26,Private Sector/Self Employed,Yes,1400000
1876,34,Private Sector/Self Employed,Yes,1500000
1877,28,Private Sector/Self Employed,Yes,1100000
1878,28,Private Sector/Self Employed,Yes,700000
1879,27,Private Sector/Self Employed,No,350000
1880,27,Government Sector,Yes,1050000
1881,34,Private Sector/Self Employed,Yes,1300000
1882,31,Private Sector/Self Employed,Yes,1350000
1883,27,Government Sector,Yes,500000
1884,28,Government Sector,Yes,1200000
1885,35,Government Sector,Yes,1100000
1886,32,Government Sector,Yes,350000
1887,31,Private Sector/Self Employed,Yes,900000
1888,26,Private Sector/Self Employed,Yes,750000
1889,31,Government Sector,Yes,1300000
1890,28,Government Sector,Yes,1200000
1891,28,Private Sector/Self Employed,Yes,800000
1892,28,Private Sector/Self Employed,Yes,700000
1893,32,Government Sector,Yes,850000
1894,28,Private Sector/Self Employed,Yes,700000
1895,26,Government Sector,Yes,500000
1896,31,Private Sector/Self Employed,Yes,1400000
1897,35,Government Sector,Yes,1100000
1898,25,Private Sector/Self Employed,No,600000
1899,31,Private Sector/Self Employed,Yes,1250000
1900,27,Private Sector/Self Employed,No,1000000
1901,28,Government Sector,Yes,600000
1902,33,Government Sector,Yes,400000
1903,33,Government Sector,Yes,650000
1904,28,Private Sector/Self Employed,Yes,700000
1905,25,Private Sector/Self Employed,No,600000
1906,28,Private Sector/Self Employed,Yes,1450000
1907,28,Private Sector/Self Employed,Yes,600000
1908,28,Private Sector/Self Employed,Yes,800000
1909,28,Government Sector,No,300000
1910,28,Private Sector/Self Employed,Yes,1150000
1911,27,Private Sector/Self Employed,No,1550000
1912,34,Private Sector/Self Employed,Yes,500000
1913,33,Government Sector,Yes,1100000
1914,30,Private Sector/Self Employed,No,550000
1915,28,Private Sector/Self Employed,Yes,800000
1916,28,Government Sector,Yes,1100000
1917,34,Private Sector/Self Employed,No,1300000
1918,33,Private Sector/Self Employed,Yes,1400000
1919,28,Government Sector,Yes,300000
1920,32,Government Sector,Yes,800000
1921,31,Government Sector,No,300000
1922,34,Private Sector/Self Employed,Yes,500000
1923,26,Private Sector/Self Employed,Yes,750000
1924,33,Private Sector/Self Employed,Yes,750000
1925,33,Government Sector,Yes,400000
1926,25,Private Sector/Self Employed,Yes,1400000
1927,34,Private Sector/Self Employed,Yes,1000000
1928,34,Private Sector/Self Employed,Yes,1500000
1929,28,Government Sector,Yes,600000
1930,31,Government Sector,Yes,1200000
1931,34,Private Sector/Self Employed,Yes,1300000
1932,35,Private Sector/Self Employed,No,800000
1933,28,Private Sector/Self Employed,Yes,550000
1934,25,Private Sector/Self Employed,No,1350000
1935,33,Government Sector,Yes,1000000
1936,33,Private Sector/Self Employed,Yes,1500000
1937,34,Private Sector/Self Employed,Yes,500000
1938,34,Private Sector/Self Employed,No,1400000
1939,27,Private Sector/Self Employed,No,450000
1940,25,Private Sector/Self Employed,Yes,1400000
1941,27,Private Sector/Self Employed,No,450000
1942,28,Private Sector/Self Employed,Yes,900000
1943,29,Private Sector/Self Employed,Yes,1050000
1944,34,Private Sector/Self Employed,Yes,1500000
1945,28,Private Sector/Self Employed,No,550000
1946,32,Government Sector,Yes,850000
1947,32,Government Sector,Yes,900000
1948,35,Private Sector/Self Employed,No,800000
1949,34,Private Sector/Self Employed,Yes,700000
1950,28,Private Sector/Self Employed,Yes,1250000
1951,27,Private Sector/Self Employed,No,600000
1952,31,Government Sector,Yes,1500000
1953,34,Government Sector,Yes,1300000
1954,30,Private Sector/Self Employed,No,550000
1955,33,Government Sector,Yes,1750000
1956,32,Government Sector,Yes,350000
1957,31,Private Sector/Self Employed,Yes,1250000
1958,31,Government Sector,Yes,1300000
1959,28,Private Sector/Self Employed,No,550000
1960,28,Government Sector,Yes,300000
1961,26,Government Sector,Yes,500000
1962,25,Private Sector/Self Employed,No,1150000
1963,33,Government Sector,Yes,1100000
1964,28,Government Sector,Yes,1100000
1965,30,Private Sector/Self Employed,No,550000
1966,34,Private Sector/Self Employed,Yes,700000
1967,34,Private Sector/Self Employed,Yes,700000
1968,28,Government Sector,Yes,300000
1969,31,Private Sector/Self Employed,Yes,500000
1970,29,Private Sector/Self Employed,Yes,500000
1971,31,Private Sector/Self Employed,Yes,950000
1972,28,Private Sector/Self Employed,Yes,800000
1973,31,Private Sector/Self Employed,Yes,1350000
1974,28,Private Sector/Self Employed,Yes,1200000
1975,26,Private Sector/Self Employed,Yes,1400000
1976,32,Government Sector,Yes,900000
1977,25,Private Sector/Self Employed,No,1350000
1978,34,Private Sector/Self Employed,Yes,700000
1979,28,Private Sector/Self Employed,Yes,1100000
1980,25,Private Sector/Self Employed,No,1150000
1981,27,Government Sector,Yes,850000
1982,33,Private Sector/Self Employed,Yes,1500000
1983,28,Private Sector/Self Employed,Yes,1750000
1984,28,Private Sector/Self Employed,Yes,1150000
1985,34,Private Sector/Self Employed,Yes,1000000
1986,34,Private Sector/Self Employed,Yes,500000
