Unnamed: 0,FamilyMembers,ChronicDiseases,FrequentFlyer,EverTravelledAbroad,y
0,6,1,No,No,0
1,7,0,No,No,0
2,4,1,No,No,1
3,3,1,No,No,0
4,8,1,Yes,No,0
5,4,0,No,No,0
6,4,0,No,No,0
7,3,0,Yes,Yes,1
8,6,1,Yes,Yes,1
9,3,0,Yes,No,0
10,9,1,No,No,0
11,5,0,Yes,Yes,1
12,6,0,No,No,1
13,6,0,Yes,Yes,1
14,3,0,No,No,0
15,7,0,No,No,0
16,4,1,No,No,0
17,7,0,No,No,1
18,5,1,No,No,1
19,2,0,Yes,Yes,1
20,6,0,Yes,No,0
21,3,0,No,No,1
22,4,0,No,No,0
23,9,0,No,No,1
24,7,0,Yes,Yes,0
25,4,0,No,Yes,0
26,6,0,Yes,No,1
27,2,0,Yes,No,0
28,4,0,Yes,No,0
29,3,0,No,No,0
30,6,0,Yes,Yes,0
31,4,0,No,No,0
32,4,0,No,No,1
33,3,0,No,No,0
34,9,0,No,No,1
35,4,0,Yes,Yes,0
36,9,1,No,No,0
37,4,0,No,No,0
38,2,0,No,No,0
39,5,1,Yes,Yes,1
40,3,1,Yes,Yes,1
41,5,0,No,No,0
42,2,1,Yes,Yes,1
43,4,0,Yes,No,1
44,7,0,No,Yes,1
45,5,1,No,Yes,1
46,4,0,No,Yes,1
47,5,0,No,No,0
48,3,0,No,No,0
49,3,0,No,Yes,1
50,3,1,No,No,0
51,3,0,No,No,0
52,4,0,No,Yes,0
53,2,0,No,No,0
54,7,0,No,No,0
55,5,0,No,No,0
56,3,0,No,No,1
57,6,0,No,No,1
58,6,0,Yes,Yes,1
59,9,0,Yes,Yes,1
60,4,0,Yes,Yes,0
61,3,0,Yes,No,1
62,4,0,Yes,No,0
63,2,0,No,No,0
64,9,0,Yes,Yes,1
65,5,1,No,No,0
66,6,0,Yes,No,0
67,3,0,Yes,Yes,1
68,4,0,No,No,0
69,4,0,No,No,0
70,4,0,No,No,0
71,6,0,Yes,No,0
72,6,1,Yes,No,0
73,7,0,Yes,No,0
74,4,1,No,No,0
75,5,0,No,No,0
76,3,0,No,No,1
77,4,0,No,No,0
78,3,0,No,Yes,1
79,5,1,No,No,0
80,4,1,No,No,0
81,8,0,No,No,0
82,4,1,No,No,0
83,4,0,Yes,No,1
84,6,1,No,No,0
85,4,0,Yes,No,1
86,4,0,No,No,0
87,6,0,No,No,0
88,5,1,No,No,0
89,8,0,No,No,0
90,3,0,No,No,0
91,4,1,No,No,0
92,5,0,No,No,0
93,7,0,Yes,No,1
94,4,0,No,No,0
95,5,0,No,Yes,1
96,4,0,No,No,0
97,7,0,No,No,0
98,6,0,No,No,0
99,3,0,No,No,0
100,6,1,No,No,1
101,3,1,Yes,Yes,1
102,3,1,No,No,0
103,5,0,No,Yes,1
104,3,0,No,No,0
105,3,0,No,No,0
106,3,0,No,No,0
107,3,1,No,Yes,0
108,4,0,No,No,1
109,3,0,Yes,No,1
110,5,0,No,No,0
111,5,0,No,No,0
112,4,0,No,No,0
113,4,0,Yes,No,0
114,5,0,No,No,0
115,4,0,No,No,0
116,5,0,No,No,1
117,5,0,No,No,0
118,4,1,Yes,Yes,1
119,4,0,No,No,0
120,3,1,No,No,0
121,6,0,No,Yes,1
122,6,1,No,No,0
123,3,0,No,No,0
124,4,1,No,No,0
125,3,1,No,No,1
126,5,0,Yes,No,0
127,5,0,No,No,0
128,8,0,No,Yes,1
129,6,0,No,No,0
130,4,0,No,No,0
131,4,0,No,No,0
132,4,0,No,No,0
133,4,0,No,Yes,1
134,5,0,Yes,No,0
135,6,0,No,Yes,1
136,6,0,No,No,1
137,4,1,Yes,No,0
138,4,0,No,No,0
139,7,1,No,No,1
140,4,1,No,No,0
141,3,0,No,Yes,0
142,9,1,No,No,0
143,4,0,No,No,0
144,4,0,No,No,0
145,6,0,No,No,0
146,3,1,No,No,1
147,4,1,No,No,0
148,4,0,No,Yes,1
149,5,1,No,No,0
150,2,1,No,No,1
151,7,0,No,No,1
152,5,0,Yes,No,0
153,5,0,Yes,No,0
154,4,0,Yes,No,0
155,6,0,No,No,1
156,4,0,Yes,No,0
157,3,1,No,No,0
158,6,0,Yes,No,1
159,7,1,No,No,0
160,5,1,No,No,1
161,3,1,No,Yes,1
162,7,0,No,No,1
163,5,0,No,No,0
164,6,0,No,No,0
165,4,0,No,No,0
166,7,0,No,No,0
167,3,0,No,No,0
168,7,1,No,No,0
169,6,0,No,No,0
170,6,1,No,Yes,1
171,7,0,No,No,0
172,8,0,No,No,0
173,5,1,No,No,1
174,6,0,Yes,No,1
175,3,0,No,No,0
176,6,0,No,No,1
177,5,0,No,No,0
178,6,0,No,No,0
179,4,0,No,No,0
180,6,0,Yes,No,0
181,3,0,No,No,0
182,3,0,Yes,No,1
183,3,1,Yes,No,0
184,3,0,No,No,0
185,4,0,No,No,1
186,9,0,No,No,1
187,9,0,No,No,0
188,4,0,No,No,0
189,7,1,No,Yes,1
190,5,0,No,No,0
191,3,0,No,Yes,0
192,4,1,No,Yes,0
193,5,1,No,No,0
194,5,0,No,No,0
195,5,0,Yes,Yes,1
196,7,0,No,No,1
197,5,1,Yes,No,0
198,4,0,No,Yes,1
199,5,0,Yes,Yes,1
200,4,0,No,No,1
201,2,0,No,Yes,1
202,7,0,No,No,1
203,4,1,No,No,0
204,4,0,Yes,No,0
205,4,1,No,Yes,0
206,5,1,No,No,1
207,3,0,No,No,0
208,4,0,No,Yes,1
209,3,1,Yes,No,0
210,5,1,Yes,No,0
211,5,0,No,No,0
212,5,1,No,No,0
213,5,0,Yes,Yes,1
214,5,1,No,Yes,0
215,5,0,No,No,0
216,8,0,No,No,1
217,6,0,No,No,0
218,7,0,Yes,Yes,0
219,9,1,No,No,0
220,2,0,No,No,0
221,6,1,No,No,0
222,3,0,No,No,0
223,3,0,No,No,0
224,5,0,Yes,No,0
225,2,0,No,No,0
226,9,1,No,No,1
227,6,1,No,No,0
228,5,0,No,No,0
229,2,0,No,No,0
230,7,0,Yes,No,0
231,5,1,No,No,0
232,6,0,No,No,0
233,6,1,No,No,0
234,4,0,No,No,0
235,4,0,No,No,0
236,5,0,Yes,Yes,1
237,8,0,No,No,0
238,3,1,No,No,0
239,5,0,No,No,0
240,7,0,No,No,0
241,6,0,No,No,1
242,4,0,No,No,0
243,6,0,No,No,0
244,4,0,No,No,0
245,3,0,No,No,0
246,6,1,No,No,0
247,3,0,Yes,No,1
248,6,0,No,No,1
249,5,0,No,No,0
250,6,1,No,No,1
251,5,0,No,No,0
252,5,1,No,Yes,1
253,2,0,No,Yes,1
254,5,0,No,No,0
255,5,0,Yes,Yes,1
256,7,1,No,Yes,1
257,5,0,No,No,1
258,7,0,Yes,No,0
259,3,1,No,No,1
260,3,1,No,Yes,1
261,4,1,No,No,1
262,4,1,No,No,0
263,4,0,No,No,0
264,9,1,No,No,0
265,6,0,Yes,No,0
266,5,0,No,No,0
267,4,0,No,No,1
268,6,0,No,No,1
269,5,0,No,No,0
270,6,0,No,Yes,1
271,3,1,No,No,0
272,3,1,No,No,0
273,6,0,Yes,No,1
274,7,0,No,No,1
275,4,1,No,Yes,1
276,6,0,No,No,0
277,7,0,Yes,No,0
278,5,1,No,No,1
279,6,0,No,No,0
280,6,0,Yes,No,0
281,6,0,No,No,0
282,4,0,No,Yes,1
283,4,0,Yes,No,0
284,3,0,No,No,1
285,4,0,No,No,0
286,3,0,No,No,0
287,4,0,No,No,0
288,4,0,No,No,0
289,3,0,No,No,0
290,6,1,No,No,0
291,3,0,Yes,No,0
292,4,0,No,No,0
293,3,0,No,No,1
294,4,0,No,No,0
295,5,0,No,No,0
296,7,0,No,No,0
297,7,1,No,No,1
298,4,0,Yes,No,1
299,3,0,No,No,0
300,5,1,No,No,1
301,4,1,No,No,0
302,6,0,No,No,1
303,3,0,No,No,0
304,3,0,No,No,0
305,4,1,No,Yes,0
306,5,1,No,No,1
307,8,1,No,No,0
308,9,1,No,No,0
309,4,0,No,No,1
310,8,0,No,No,0
311,7,0,Yes,Yes,1
312,7,0,No,No,0
313,4,0,No,No,1
314,5,0,No,Yes,1
315,4,0,No,No,0
316,5,1,No,No,0
317,6,0,No,No,1
318,3,0,No,No,1
319,2,1,Yes,No,1
320,5,0,No,No,0
321,3,0,No,No,0
322,3,0,No,No,0
323,5,0,No,Yes,1
324,5,0,No,No,0
325,4,0,No,No,0
326,5,0,No,No,0
327,3,0,No,No,0
328,6,0,Yes,Yes,1
329,8,0,No,No,0
330,4,0,No,No,0
331,4,0,No,No,1
332,7,1,Yes,No,1
333,6,1,No,Yes,0
334,3,0,No,No,1
335,2,0,No,No,1
336,9,1,No,No,0
337,7,0,Yes,No,0
338,3,0,No,No,0
339,5,0,No,No,0
340,7,1,No,No,0
341,7,0,No,No,0
342,2,0,No,No,1
343,7,0,No,No,0
344,4,0,Yes,Yes,0
345,5,0,No,Yes,0
346,7,1,Yes,No,1
347,6,0,Yes,No,0
348,6,1,No,Yes,0
349,3,0,No,No,0
350,5,0,Yes,Yes,0
351,9,1,Yes,No,0
352,6,0,No,Yes,1
353,3,0,No,No,0
354,5,0,No,No,1
355,3,0,No,Yes,1
356,4,0,No,No,0
357,5,0,No,No,0
358,5,0,Yes,No,0
359,3,0,No,No,0
360,4,0,No,No,0
361,4,0,No,Yes,1
362,2,1,No,No,0
363,4,0,No,No,0
364,6,0,No,No,0
365,3,0,Yes,No,1
366,3,0,No,No,0
367,4,0,No,No,0
368,3,0,No,No,1
369,7,1,No,No,0
370,6,0,No,No,1
371,5,1,No,Yes,0
372,5,1,No,No,0
373,5,0,Yes,No,0
374,7,0,No,No,0
375,6,1,No,No,0
376,4,0,No,No,0
377,4,0,Yes,No,1
378,5,0,Yes,No,1
379,6,0,Yes,No,1
380,5,1,No,No,0
381,5,0,No,No,0
382,6,0,No,Yes,1
383,4,0,No,No,0
384,3,0,No,Yes,0
385,5,0,No,No,0
386,5,0,No,Yes,1
387,5,0,No,No,0
388,5,0,No,No,0
389,5,0,No,Yes,1
390,5,0,No,No,1
391,5,0,No,No,1
392,4,1,No,No,1
393,3,0,Yes,No,0
394,4,0,No,No,1
395,5,0,No,No,0
396,6,1,No,No,1
397,5,0,No,No,0
398,5,0,Yes,No,0
399,5,0,No,No,0
400,4,0,Yes,No,0
401,4,0,No,No,0
402,3,0,No,No,0
403,8,1,No,No,0
404,5,1,No,No,1
405,6,0,No,No,0
406,9,0,No,No,1
407,6,0,Yes,No,1
408,2,0,No,No,0
409,5,0,No,No,0
410,4,0,No,No,0
411,6,0,No,No,0
412,7,1,No,No,0
413,5,0,Yes,No,1
414,4,0,No,Yes,1
415,5,0,No,No,0
416,7,0,No,Yes,1
417,3,0,Yes,Yes,1
418,3,1,No,No,0
419,4,0,No,No,0
420,5,0,No,No,0
421,4,0,No,No,0
422,7,1,Yes,Yes,1
423,5,0,No,Yes,1
424,7,1,Yes,No,1
425,5,1,No,No,0
426,5,0,No,No,0
427,7,0,Yes,Yes,1
428,5,1,No,No,0
429,2,0,No,No,0
430,7,0,No,No,1
431,6,0,No,No,0
432,5,0,No,No,0
433,4,0,No,No,0
434,7,0,No,No,1
435,4,1,Yes,Yes,1
436,4,1,No,Yes,0
437,7,0,No,No,0
438,5,1,No,No,0
439,3,0,No,No,0
440,4,0,No,No,1
441,5,0,No,No,1
442,9,0,No,No,0
443,6,0,No,No,1
444,4,1,No,No,1
445,6,1,No,No,0
446,2,0,No,No,0
447,3,0,No,No,0
448,4,1,Yes,Yes,1
449,3,1,No,No,1
450,6,0,No,Yes,0
451,4,0,No,No,0
452,4,1,No,No,1
453,3,0,No,No,0
454,4,0,No,No,0
455,4,0,No,No,0
456,5,1,Yes,Yes,1
457,4,0,No,No,0
458,3,1,No,No,0
459,5,0,Yes,Yes,1
460,6,0,No,Yes,1
461,4,1,No,No,1
462,6,1,No,No,0
463,2,1,No,No,0
464,5,0,Yes,Yes,1
465,5,0,Yes,Yes,1
466,4,0,No,No,0
467,5,0,No,No,0
468,5,0,No,No,0
469,5,0,Yes,No,1
470,2,1,No,No,0
471,3,0,No,No,0
472,5,0,No,No,0
473,8,0,No,Yes,1
474,3,1,Yes,No,0
475,4,0,No,No,1
476,4,1,No,Yes,1
477,6,1,Yes,Yes,1
478,4,0,No,No,0
479,4,1,No,No,0
480,7,0,Yes,No,1
481,4,0,No,No,0
482,9,0,No,No,0
483,4,0,No,No,0
484,6,0,No,No,1
485,4,0,No,No,0
486,4,0,Yes,No,0
487,4,0,No,No,1
488,3,0,No,No,0
489,9,0,No,No,0
490,5,1,No,No,0
491,4,1,No,No,1
492,3,0,No,No,0
493,7,0,No,No,0
494,5,1,No,Yes,0
495,4,0,No,No,0
496,7,0,No,No,0
497,5,0,Yes,No,1
498,5,0,No,No,0
499,6,0,No,No,0
500,4,0,Yes,Yes,1
501,3,0,No,No,0
502,4,1,No,No,1
503,5,0,No,No,0
504,4,0,No,No,0
505,4,0,No,No,0
506,6,0,No,No,0
507,2,1,No,No,0
508,6,0,No,No,1
509,6,0,Yes,Yes,1
510,5,0,No,No,0
511,3,0,No,Yes,0
512,5,0,Yes,No,0
513,5,1,No,No,0
514,4,0,No,No,1
515,7,0,Yes,No,0
516,3,1,No,No,0
517,5,0,No,No,1
518,4,0,Yes,Yes,1
519,3,0,Yes,No,1
520,4,1,No,No,0
521,6,0,No,No,0
522,6,1,No,No,1
523,5,1,No,No,0
524,4,0,No,No,0
525,9,0,No,No,0
526,4,1,No,No,0
527,4,1,No,No,0
528,5,0,No,No,0
529,4,0,Yes,No,0
530,3,0,No,No,0
531,6,1,No,No,0
532,5,1,Yes,No,1
533,3,0,No,No,0
534,4,0,No,No,1
535,5,0,No,Yes,1
536,3,0,No,No,0
537,8,1,No,No,1
538,2,1,Yes,No,0
539,4,0,No,No,0
540,3,0,Yes,Yes,1
541,5,0,No,No,0
542,4,0,Yes,No,0
543,3,1,No,No,0
544,3,0,No,No,0
545,6,1,No,No,0
546,3,0,No,No,0
547,4,1,No,Yes,1
548,5,0,No,No,0
549,5,1,No,No,0
550,5,0,No,No,0
551,9,1,No,Yes,1
552,4,0,No,No,0
553,5,0,Yes,Yes,0
554,6,0,No,No,0
555,4,0,No,No,0
556,4,1,No,No,0
557,3,0,No,No,0
558,3,1,No,No,0
559,3,0,No,No,1
560,7,0,No,Yes,1
561,9,0,No,No,0
562,4,0,No,Yes,0
563,3,1,No,No,1
564,6,1,No,No,0
565,5,0,No,No,0
566,3,0,No,Yes,0
567,7,1,No,Yes,1
568,5,0,No,No,0
569,4,1,No,No,0
570,5,1,No,No,0
571,5,1,No,No,0
572,5,0,No,No,0
573,3,0,No,No,0
574,5,0,Yes,No,0
575,6,0,Yes,No,1
576,3,0,No,Yes,1
577,3,0,No,No,1
578,4,0,No,No,0
579,3,0,No,No,0
580,4,0,No,No,0
581,4,1,No,No,0
582,3,0,No,No,0
583,3,0,No,No,1
584,5,0,No,No,0
585,7,1,No,Yes,1
586,7,0,No,No,0
587,9,1,No,No,1
588,6,0,No,No,1
589,3,0,No,Yes,1
590,5,0,No,No,0
591,3,1,No,No,0
592,4,0,Yes,No,1
593,4,0,No,No,0
594,5,0,Yes,No,0
595,5,1,Yes,No,0
596,5,0,No,Yes,1
597,4,0,No,No,0
598,6,0,Yes,No,1
599,4,1,No,No,0
600,4,1,Yes,Yes,1
601,5,0,No,No,0
602,4,0,Yes,Yes,1
603,6,1,No,Yes,1
604,7,0,No,No,0
605,5,0,No,Yes,1
606,3,0,No,No,0
607,8,1,No,No,0
608,4,1,Yes,No,1
609,7,1,Yes,Yes,1
610,8,0,No,Yes,0
611,6,1,No,No,0
612,9,0,No,No,0
613,6,0,No,No,0
614,5,1,No,No,0
615,3,1,No,No,0
616,7,1,No,Yes,0
617,5,0,Yes,No,1
618,2,0,Yes,No,1
619,6,0,No,No,1
620,4,0,Yes,No,0
621,4,0,No,No,0
622,5,0,Yes,No,0
623,3,0,No,No,0
624,9,0,No,No,0
625,4,0,No,No,0
626,6,0,Yes,No,0
627,6,0,No,No,0
628,9,0,No,No,0
629,4,0,Yes,No,0
630,9,0,No,No,0
631,6,1,No,Yes,1
632,3,0,No,No,0
633,7,1,No,No,0
634,4,0,No,No,0
635,4,0,No,No,0
636,4,0,No,Yes,1
637,5,1,No,No,0
638,3,0,Yes,Yes,1
639,5,1,Yes,No,0
640,5,0,No,No,0
641,5,1,No,Yes,0
642,6,1,No,No,0
643,5,1,No,No,0
644,4,0,No,No,0
645,4,0,No,No,0
646,6,0,No,No,0
647,5,0,Yes,No,1
648,4,0,No,No,0
649,5,0,No,No,0
650,4,0,Yes,Yes,1
651,8,1,No,Yes,1
652,6,0,No,No,1
653,7,0,No,No,0
654,6,0,No,No,0
655,4,0,No,No,0
656,6,1,No,No,0
657,5,0,No,No,1
658,6,0,Yes,Yes,1
659,3,0,No,No,0
660,4,0,No,No,0
661,5,0,No,No,0
662,6,0,No,No,0
663,6,1,No,No,1
664,4,0,Yes,Yes,1
665,6,0,Yes,No,0
666,5,0,No,No,0
667,4,1,No,Yes,0
668,5,0,Yes,No,0
669,3,0,Yes,No,0
670,4,1,No,No,0
671,3,1,No,No,0
672,2,1,No,No,0
673,3,1,No,No,1
674,2,0,No,No,0
675,3,0,No,No,0
676,7,1,No,No,0
677,7,0,No,No,0
678,4,0,Yes,No,1
679,5,0,No,No,0
680,4,1,No,Yes,1
681,4,0,No,No,0
682,5,1,Yes,Yes,1
683,4,0,No,No,0
684,4,0,No,No,0
685,4,1,Yes,Yes,1
686,3,0,Yes,Yes,1
687,3,0,No,No,0
688,5,1,No,No,0
689,7,0,No,No,0
690,8,0,No,Yes,0
691,3,0,Yes,No,0
692,6,0,No,No,0
693,5,1,No,No,0
694,6,1,No,No,1
695,7,0,No,No,0
696,2,0,No,No,0
697,3,1,No,Yes,1
698,7,0,No,No,1
699,3,1,Yes,No,0
700,4,0,Yes,Yes,1
701,7,1,No,Yes,1
702,8,0,No,No,0
703,6,0,No,No,0
704,8,0,No,No,1
705,5,1,No,No,0
706,4,0,No,No,0
707,4,1,No,No,0
708,3,0,No,No,0
709,3,0,Yes,Yes,1
710,3,1,Yes,Yes,1
711,8,0,No,No,1
712,9,0,Yes,Yes,1
713,2,1,No,No,1
714,4,0,No,No,0
715,5,0,No,No,0
716,7,0,No,No,1
717,4,0,No,No,0
718,4,0,No,No,0
719,4,0,No,No,0
720,2,0,No,Yes,0
721,4,0,No,No,0
722,8,0,No,No,1
723,2,1,Yes,No,0
724,3,0,No,No,0
725,4,0,No,No,1
726,5,0,Yes,No,1
727,7,1,No,No,1
728,6,0,No,Yes,0
729,3,0,No,Yes,0
730,6,0,No,No,1
731,5,0,No,No,0
732,4,0,No,No,0
733,4,0,Yes,No,0
734,7,0,No,No,1
735,4,0,No,No,0
736,7,0,No,No,0
737,4,1,No,No,1
738,7,0,Yes,No,0
739,4,0,No,No,1
740,6,1,No,No,1
741,6,0,No,No,1
742,7,1,No,No,1
743,6,0,No,No,0
744,5,1,No,Yes,0
745,3,0,Yes,No,0
746,3,1,No,No,0
747,6,0,No,No,1
748,5,0,No,Yes,0
749,8,0,No,No,1
750,4,0,No,No,0
751,9,0,No,Yes,1
752,6,0,No,No,1
753,4,1,No,No,0
754,3,0,No,No,0
755,4,0,No,No,0
756,6,0,No,No,0
757,6,1,No,No,0
758,6,1,No,Yes,1
759,7,1,No,No,1
760,4,1,No,No,0
761,3,0,Yes,Yes,1
762,5,0,No,No,0
763,4,1,No,No,0
764,5,0,No,No,0
765,4,0,No,No,0
766,3,1,No,No,0
767,6,0,No,No,0
768,5,0,Yes,Yes,1
769,3,0,No,No,0
770,5,0,No,No,0
771,7,0,No,No,1
772,3,0,No,No,0
773,6,0,No,No,0
774,5,0,Yes,No,0
775,3,0,No,No,0
776,6,0,Yes,Yes,1
777,5,0,No,No,0
778,6,0,No,No,0
779,4,0,No,Yes,1
780,6,0,No,No,0
781,5,0,No,No,1
782,4,0,No,No,0
783,7,0,No,No,0
784,5,1,Yes,Yes,1
785,7,0,No,Yes,0
786,2,0,No,No,0
787,4,0,No,No,0
788,7,0,No,No,0
789,4,0,No,No,1
790,4,1,No,No,1
791,7,0,No,No,1
792,6,0,Yes,No,0
793,6,0,No,No,1
794,7,1,No,No,0
795,3,0,No,No,0
796,7,0,No,No,0
797,4,0,No,No,0
798,5,1,No,No,1
799,3,0,No,No,0
800,6,0,No,No,0
801,4,1,No,No,1
802,5,1,No,No,1
803,7,1,No,No,0
804,4,1,No,No,0
805,3,1,Yes,No,0
806,5,0,No,No,0
807,3,0,Yes,No,1
808,6,0,Yes,Yes,1
809,5,1,Yes,Yes,1
810,4,1,No,No,0
811,3,0,No,No,0
812,4,1,No,No,0
813,3,0,No,No,0
814,6,1,No,Yes,0
815,5,1,Yes,No,0
816,4,0,No,No,0
817,4,0,No,No,1
818,4,0,No,No,1
819,4,1,No,No,0
820,4,0,No,No,0
821,4,1,No,No,1
822,4,0,No,No,0
823,4,0,No,No,0
824,4,0,No,No,0
825,7,0,No,No,1
826,3,0,Yes,No,0
827,7,1,No,No,1
828,6,1,No,No,1
829,5,0,No,No,0
830,6,0,No,No,1
831,6,1,No,No,0
832,6,0,Yes,Yes,1
833,3,0,Yes,Yes,1
834,5,1,Yes,Yes,1
835,9,0,No,No,0
836,4,0,Yes,Yes,1
837,7,0,Yes,No,0
838,5,0,Yes,No,0
839,4,0,No,No,1
840,3,0,No,No,1
841,3,0,Yes,Yes,1
842,3,0,No,No,0
843,3,0,No,No,0
844,2,0,No,No,0
845,3,1,No,No,0
846,4,0,No,No,0
847,4,0,No,No,1
848,6,1,No,No,0
849,4,0,No,No,0
850,4,0,Yes,No,0
851,5,0,No,No,1
852,3,1,No,No,0
853,6,1,No,No,0
854,3,1,No,No,0
855,6,0,No,No,0
856,7,0,No,No,1
857,3,0,No,No,1
858,5,0,Yes,No,0
859,4,0,No,No,0
860,4,1,No,No,0
861,3,1,Yes,Yes,1
862,3,1,No,No,0
863,3,0,No,No,0
864,6,0,Yes,No,0
865,5,0,No,Yes,1
866,3,1,No,Yes,1
867,5,0,No,No,0
868,5,1,No,No,0
869,3,0,No,Yes,1
870,2,0,No,Yes,0
871,5,1,Yes,Yes,0
872,3,0,No,No,0
873,3,0,No,No,1
874,4,0,No,No,0
875,3,1,No,No,0
876,4,1,No,No,0
877,3,0,No,Yes,1
878,4,0,No,No,0
879,4,0,No,No,1
880,6,0,Yes,No,0
881,4,0,No,No,0
882,4,1,No,No,0
883,3,0,No,Yes,1
884,8,0,Yes,No,1
885,5,0,No,No,0
886,3,0,No,Yes,1
887,4,0,No,No,0
888,6,1,No,No,0
889,3,1,No,No,0
890,3,0,No,Yes,1
891,5,1,No,No,0
892,4,0,No,No,0
893,2,0,No,No,0
894,5,0,No,No,1
895,5,0,No,Yes,1
896,4,0,No,No,0
897,5,1,No,No,0
898,5,0,No,No,0
899,3,0,Yes,No,1
900,3,1,Yes,No,1
901,2,0,No,No,0
902,7,1,No,No,1
903,4,0,No,No,0
904,6,0,No,No,0
905,6,0,No,Yes,0
906,5,1,No,No,0
907,6,0,No,Yes,1
908,3,0,No,Yes,0
909,4,1,No,Yes,1
910,4,0,No,No,0
911,5,0,Yes,No,0
912,6,0,Yes,Yes,1
913,4,0,No,Yes,1
914,6,1,No,No,0
915,2,0,Yes,No,0
916,6,0,Yes,Yes,1
917,6,0,No,No,0
918,7,1,No,No,1
919,6,0,Yes,Yes,1
920,5,0,No,No,0
921,4,0,No,No,0
922,4,0,No,No,0
923,4,1,Yes,No,0
924,6,0,No,No,0
925,3,0,No,No,0
926,5,0,No,No,1
927,5,1,Yes,Yes,1
928,7,0,No,No,1
929,5,0,No,No,1
930,7,1,No,No,1
931,6,1,No,No,0
932,5,1,No,No,1
933,5,0,No,Yes,0
934,5,0,Yes,No,0
935,7,0,Yes,No,1
936,3,0,No,No,0
937,4,0,No,No,0
938,8,0,Yes,No,1
939,8,0,No,No,1
940,6,0,Yes,Yes,1
941,5,0,No,No,0
942,6,0,No,No,0
943,5,1,No,No,0
944,3,0,No,No,0
945,9,0,No,No,0
946,5,0,Yes,Yes,1
947,5,0,No,No,0
948,5,0,No,No,0
949,3,1,No,Yes,1
950,5,0,No,No,0
951,5,0,Yes,Yes,1
952,5,0,Yes,Yes,1
953,6,0,No,No,0
954,5,1,Yes,No,0
955,6,0,No,No,1
956,5,0,Yes,No,1
957,5,1,No,No,0
958,5,1,No,No,0
959,6,0,No,No,0
960,4,0,Yes,Yes,1
961,6,1,No,No,0
962,5,0,No,No,0
963,6,1,No,No,1
964,9,1,No,No,1
965,8,0,Yes,No,0
966,4,1,Yes,No,1
967,5,0,No,No,0
968,5,1,No,No,0
969,3,0,No,No,0
970,7,0,No,No,0
971,6,0,No,Yes,1
972,3,0,No,No,0
973,4,0,Yes,Yes,1
974,4,0,Yes,Yes,1
975,3,1,Yes,Yes,1
976,5,0,No,No,0
977,2,0,Yes,Yes,1
978,4,0,Yes,No,0
979,4,0,No,No,0
980,8,0,No,No,0
981,3,0,No,No,0
982,5,0,No,No,0
983,6,0,Yes,No,1
984,5,1,No,No,0
985,3,1,Yes,Yes,1
986,3,0,No,Yes,1
987,2,1,No,Yes,1
988,7,0,No,No,0
989,7,1,No,No,1
990,4,0,Yes,No,1
991,7,0,Yes,Yes,1
992,4,1,No,No,0
993,2,0,Yes,No,0
994,6,1,No,No,0
995,5,0,No,No,0
996,4,0,Yes,Yes,1
997,4,1,No,No,0
998,4,0,No,Yes,1
999,6,0,No,No,1
1000,4,0,No,No,0
1001,5,0,No,No,1
1002,8,0,No,No,0
1003,5,1,No,No,0
1004,4,1,No,No,0
1005,4,0,No,No,0
1006,6,0,No,No,0
1007,6,0,No,No,1
1008,5,0,No,Yes,1
1009,4,0,Yes,Yes,1
1010,8,0,No,No,0
1011,9,0,No,No,1
1012,5,0,No,No,0
1013,4,0,Yes,No,0
1014,5,0,No,No,1
1015,4,1,No,Yes,1
1016,9,1,No,No,0
1017,3,1,No,No,0
1018,7,0,No,No,0
1019,4,1,Yes,Yes,1
1020,4,0,No,No,0
1021,4,0,No,No,1
1022,5,0,Yes,No,0
1023,3,0,No,Yes,1
1024,9,0,No,Yes,1
1025,4,1,No,No,1
1026,4,0,No,No,0
1027,5,0,Yes,No,0
1028,3,1,No,No,0
1029,3,0,No,No,0
1030,3,1,No,No,0
1031,9,0,No,No,0
1032,3,0,No,No,1
1033,4,0,No,No,0
1034,3,0,Yes,Yes,1
1035,3,0,No,No,0
1036,5,0,No,No,0
1037,7,0,No,No,1
1038,4,0,No,No,1
1039,3,1,No,No,0
1040,3,0,Yes,No,1
1041,2,1,No,No,0
1042,2,0,No,No,0
1043,8,0,No,No,0
1044,6,0,No,Yes,1
1045,4,1,No,No,0
1046,5,1,No,No,0
1047,4,0,No,Yes,1
1048,5,1,No,No,0
1049,7,0,No,No,0
1050,2,1,No,Yes,0
1051,4,0,Yes,Yes,0
1052,7,1,No,No,0
1053,4,0,No,No,1
1054,5,0,No,No,0
1055,5,0,Yes,No,1
1056,4,0,No,No,0
1057,6,1,No,No,0
1058,6,0,Yes,Yes,0
1059,4,0,No,No,0
1060,5,1,No,No,0
1061,3,0,No,No,0
1062,4,0,No,No,0
1063,6,0,No,No,0
1064,5,0,No,No,0
1065,7,1,No,No,0
1066,5,1,No,No,1
1067,4,0,Yes,No,1
1068,4,1,No,No,1
1069,4,1,No,No,0
1070,5,1,No,No,0
1071,8,0,No,No,0
1072,6,0,No,No,0
1073,7,0,No,No,0
1074,5,1,Yes,Yes,0
1075,5,0,Yes,No,0
1076,4,0,No,Yes,1
1077,4,0,No,No,0
1078,3,0,No,No,0
1079,3,0,No,No,0
1080,7,0,No,No,0
1081,5,0,Yes,Yes,1
1082,8,1,No,No,0
1083,8,0,No,No,0
1084,4,0,No,No,0
1085,7,0,No,No,0
1086,3,0,No,No,0
1087,7,1,No,No,0
1088,9,1,No,No,0
1089,3,0,No,No,0
1090,5,1,No,No,0
1091,9,0,Yes,Yes,1
1092,7,0,Yes,Yes,1
1093,5,0,Yes,Yes,1
1094,5,1,No,No,0
1095,9,0,No,No,1
1096,7,1,Yes,Yes,1
1097,8,0,Yes,No,0
1098,6,1,No,No,0
1099,6,0,No,No,1
1100,3,0,No,No,1
1101,4,0,No,No,0
1102,5,1,No,No,0
1103,5,1,No,No,0
1104,5,0,No,No,0
1105,7,0,Yes,Yes,1
1106,4,0,No,No,0
1107,5,0,No,Yes,1
1108,3,0,Yes,No,1
1109,4,1,Yes,Yes,1
1110,4,0,No,Yes,0
1111,3,0,No,No,0
1112,4,0,No,No,0
1113,5,0,No,No,0
1114,3,0,No,Yes,0
1115,2,0,No,No,0
1116,9,0,Yes,No,1
1117,5,1,No,No,0
1118,2,0,Yes,No,0
1119,6,1,No,No,0
1120,4,0,No,No,0
1121,6,1,No,No,1
1122,5,0,Yes,No,1
1123,6,1,Yes,No,1
1124,5,0,Yes,No,0
1125,5,0,No,No,0
1126,4,0,No,No,0
1127,6,0,Yes,No,0
1128,4,0,No,No,0
1129,2,0,Yes,Yes,1
1130,5,0,Yes,No,0
1131,3,0,No,No,0
1132,4,0,No,No,1
1133,3,1,No,No,1
1134,7,0,No,No,1
1135,7,1,No,No,1
1136,6,0,No,No,1
1137,5,0,No,No,0
1138,6,1,Yes,No,0
1139,4,0,No,No,0
1140,4,0,Yes,Yes,0
1141,4,1,No,No,0
1142,6,0,No,No,0
1143,4,0,No,No,0
1144,4,0,No,No,0
1145,5,0,No,No,0
1146,4,0,No,No,0
1147,3,0,Yes,Yes,1
1148,5,0,Yes,No,0
1149,5,0,Yes,Yes,1
1150,3,0,No,No,1
1151,7,0,No,No,1
1152,4,0,No,No,0
1153,6,0,No,No,0
1154,5,1,No,No,0
1155,4,0,Yes,No,1
1156,6,0,No,No,1
1157,5,1,No,No,1
1158,2,0,No,No,0
1159,3,0,No,No,0
1160,3,1,No,No,0
1161,3,0,No,No,1
1162,4,0,No,Yes,1
1163,3,0,No,No,0
1164,6,0,No,Yes,1
1165,2,0,No,No,1
1166,3,0,No,No,0
1167,4,0,No,No,0
1168,3,0,No,No,0
1169,7,0,No,Yes,1
1170,5,0,No,No,0
1171,4,0,No,No,0
1172,4,1,No,No,1
1173,7,0,No,Yes,1
1174,4,1,Yes,No,0
1175,4,1,No,No,0
1176,5,0,No,No,0
1177,2,1,Yes,No,0
1178,4,0,No,No,1
1179,6,0,No,No,0
1180,6,0,No,No,0
1181,3,0,No,No,0
1182,5,0,No,No,0
1183,4,1,No,No,0
1184,4,0,No,No,0
1185,4,0,No,No,0
1186,3,1,No,No,0
1187,6,1,No,No,0
1188,5,0,No,No,0
1189,3,0,No,No,0
1190,3,0,No,No,0
1191,5,1,No,No,0
1192,3,0,No,No,1
1193,3,0,No,No,0
1194,3,0,No,Yes,1
1195,3,0,No,No,0
1196,2,0,No,No,0
1197,5,1,Yes,No,1
1198,4,0,No,No,0
1199,7,1,No,No,0
1200,4,1,No,Yes,1
1201,5,0,Yes,No,0
1202,4,0,No,Yes,1
1203,6,1,No,No,0
1204,3,1,No,No,1
1205,3,0,No,No,0
1206,3,0,No,No,1
1207,6,0,No,No,0
1208,9,0,No,No,0
1209,5,1,Yes,Yes,1
1210,5,0,No,No,1
1211,4,0,Yes,No,1
1212,5,0,No,No,0
1213,2,0,No,Yes,1
1214,2,1,No,No,0
1215,5,0,Yes,No,1
1216,6,0,No,No,1
1217,7,0,No,No,0
1218,7,0,No,No,0
1219,6,0,Yes,No,1
1220,5,0,No,No,0
1221,2,0,No,No,0
1222,3,1,Yes,Yes,0
1223,5,1,No,No,0
1224,7,0,No,Yes,1
1225,3,1,No,No,0
1226,5,0,Yes,Yes,1
1227,7,0,No,No,0
1228,4,1,No,No,0
1229,9,0,No,No,1
1230,6,0,Yes,Yes,1
1231,4,1,Yes,Yes,1
1232,4,1,No,No,0
1233,5,1,No,No,0
1234,4,0,No,No,0
1235,3,0,No,No,0
1236,3,0,No,No,0
1237,7,0,No,Yes,0
1238,6,0,No,No,1
1239,6,1,Yes,Yes,1
1240,5,0,Yes,No,0
1241,8,0,No,No,1
1242,3,1,No,Yes,0
1243,6,1,No,No,1
1244,3,1,No,Yes,0
1245,3,0,No,Yes,1
1246,4,0,No,No,0
1247,7,0,No,No,0
1248,5,0,No,No,0
1249,4,0,No,No,0
1250,7,0,No,No,0
1251,5,1,No,No,1
1252,5,0,No,No,0
1253,3,0,Yes,No,1
1254,8,0,No,No,1
1255,3,0,No,No,0
1256,5,1,No,No,1
1257,5,0,No,No,0
1258,7,1,No,No,1
1259,6,0,No,No,1
1260,4,0,No,No,0
1261,6,1,No,No,1
1262,4,0,No,No,1
1263,7,1,No,No,0
1264,6,0,No,No,0
1265,5,0,No,No,0
1266,8,1,No,Yes,1
1267,3,0,Yes,Yes,1
1268,5,0,No,Yes,1
1269,3,0,No,No,0
1270,3,0,No,No,0
1271,4,1,No,No,1
1272,3,0,No,No,1
1273,4,0,Yes,No,0
1274,3,0,No,No,0
1275,6,0,No,No,0
1276,5,1,No,No,1
1277,2,0,Yes,Yes,1
1278,3,0,No,No,1
1279,5,0,Yes,No,1
1280,4,0,No,Yes,1
1281,4,0,No,No,0
1282,3,0,Yes,Yes,1
1283,2,0,Yes,No,0
1284,5,0,No,No,0
1285,4,0,No,No,0
1286,3,0,No,No,0
1287,4,0,No,No,0
1288,3,0,No,No,0
1289,2,0,No,No,0
1290,5,0,Yes,Yes,1
1291,5,1,Yes,Yes,1
1292,9,1,No,No,0
1293,6,1,No,No,0
1294,4,0,No,No,0
1295,7,1,Yes,No,1
1296,3,0,No,No,0
1297,4,0,No,No,0
1298,2,1,No,No,1
1299,6,1,No,No,0
1300,6,0,No,No,0
1301,3,0,No,No,0
1302,3,0,No,No,1
1303,5,0,No,No,0
1304,5,0,No,No,1
1305,5,0,No,No,1
1306,5,1,No,No,0
1307,3,0,No,No,0
1308,7,1,No,No,0
1309,4,0,No,Yes,1
1310,6,0,No,No,1
1311,3,0,No,No,1
1312,5,0,No,No,0
1313,7,0,No,No,0
1314,6,0,No,Yes,1
1315,3,0,No,No,0
1316,3,0,No,Yes,1
1317,4,0,Yes,No,1
1318,3,1,No,Yes,1
1319,6,0,Yes,No,0
1320,3,0,Yes,Yes,1
1321,7,0,No,No,0
1322,6,0,No,No,1
1323,5,0,No,No,0
1324,9,1,No,No,1
1325,4,0,No,No,1
1326,5,0,No,No,0
1327,4,0,Yes,No,0
1328,2,0,Yes,No,0
1329,4,0,No,Yes,1
1330,4,0,No,No,0
1331,5,0,No,No,1
1332,4,0,No,No,0
1333,5,0,No,No,0
1334,3,0,No,Yes,1
1335,5,1,Yes,No,0
1336,3,0,No,No,0
1337,4,0,No,No,0
1338,4,0,Yes,Yes,1
1339,5,0,Yes,Yes,1
1340,4,1,No,No,1
1341,3,0,No,No,0
1342,3,0,No,Yes,1
1343,5,1,Yes,Yes,1
1344,3,0,Yes,No,1
1345,2,1,No,No,0
1346,4,0,No,No,0
1347,3,0,No,No,0
1348,4,0,No,No,0
1349,3,0,No,Yes,1
1350,3,1,No,No,1
1351,4,0,No,No,0
1352,5,0,No,No,0
1353,2,0,No,No,0
1354,9,1,No,Yes,1
1355,6,0,Yes,No,1
1356,3,0,Yes,Yes,0
1357,7,0,No,No,0
1358,4,0,Yes,Yes,1
1359,9,0,Yes,No,1
1360,2,0,No,No,0
1361,4,0,No,Yes,1
1362,2,1,No,No,1
1363,7,0,No,No,0
1364,6,1,No,No,0
1365,3,0,Yes,No,0
1366,2,0,No,No,0
1367,5,0,No,No,1
1368,6,0,No,Yes,1
1369,4,0,Yes,No,0
1370,6,0,No,No,0
1371,4,0,No,No,1
1372,5,1,No,No,1
1373,4,0,Yes,No,0
1374,6,1,No,No,0
1375,5,0,Yes,Yes,1
1376,3,1,No,No,0
1377,3,0,Yes,Yes,1
1378,2,1,No,No,0
1379,3,0,Yes,No,0
1380,5,1,No,No,1
1381,4,1,No,Yes,1
1382,4,0,No,Yes,1
1383,2,1,No,Yes,1
1384,4,0,Yes,No,0
1385,4,0,No,No,0
1386,4,0,No,No,0
1387,6,1,No,No,1
1388,5,1,No,No,0
1389,6,0,No,No,1
1390,5,0,No,No,0
1391,4,1,No,Yes,0
1392,2,0,No,No,1
1393,4,0,Yes,Yes,0
1394,3,1,No,No,0
1395,2,1,No,No,0
1396,5,1,No,No,0
1397,9,1,No,Yes,0
1398,3,0,Yes,Yes,1
1399,3,1,No,No,0
1400,6,1,Yes,No,0
1401,3,0,No,No,0
1402,4,1,No,No,0
1403,2,0,No,No,1
1404,6,0,No,No,1
1405,8,0,No,No,0
1406,4,0,No,No,0
1407,4,0,No,No,0
1408,7,0,No,No,1
1409,3,0,No,No,1
1410,8,0,No,No,0
1411,3,1,No,No,1
1412,4,1,No,No,1
1413,6,0,No,No,0
1414,3,0,No,No,0
1415,3,1,No,No,1
1416,6,1,No,No,0
1417,5,0,No,No,0
1418,4,0,No,No,1
1419,5,0,No,No,0
1420,3,0,No,No,0
1421,3,1,Yes,Yes,1
1422,4,0,Yes,No,0
1423,8,0,No,No,0
1424,9,0,No,No,0
1425,4,0,No,No,0
1426,6,1,No,No,0
1427,6,0,No,No,1
1428,7,0,No,No,1
1429,3,0,No,No,1
1430,6,0,No,Yes,1
1431,6,0,No,No,1
1432,3,0,No,No,1
1433,4,0,No,Yes,1
1434,3,0,Yes,No,0
1435,4,0,No,No,1
1436,5,0,No,No,0
1437,7,0,No,No,1
1438,3,0,Yes,No,0
1439,7,1,No,No,1
1440,5,0,No,No,0
1441,4,0,No,No,0
1442,2,0,No,No,0
1443,7,1,No,No,1
1444,6,0,No,No,0
1445,4,1,No,No,0
1446,5,0,No,No,1
1447,3,1,No,No,0
1448,4,1,No,No,0
1449,4,1,No,No,0
1450,7,0,No,No,1
1451,4,1,No,No,0
1452,3,0,No,Yes,1
1453,3,1,No,No,0
1454,7,1,No,No,0
1455,4,0,No,No,1
1456,3,0,Yes,No,1
1457,3,0,No,No,1
1458,4,0,No,No,0
1459,5,1,Yes,Yes,1
1460,4,0,No,No,0
1461,8,0,No,No,0
1462,3,1,No,No,0
1463,6,0,No,No,0
1464,3,0,No,No,0
1465,2,1,No,No,0
1466,7,0,No,No,0
1467,5,1,Yes,No,0
1468,6,1,No,No,0
1469,6,0,No,No,0
1470,4,0,No,No,0
1471,3,0,No,No,1
1472,5,0,No,No,0
1473,6,0,No,No,0
1474,5,1,No,No,0
1475,4,0,No,No,0
1476,6,0,No,No,1
1477,5,0,No,No,0
1478,4,1,No,No,0
1479,7,0,No,Yes,1
1480,4,0,Yes,No,0
1481,6,0,No,No,1
1482,4,0,No,Yes,0
1483,3,1,No,No,0
1484,4,1,No,No,0
1485,4,0,No,No,0
1486,5,0,No,No,0
1487,3,0,No,No,0
1488,4,0,No,No,0
1489,4,0,No,Yes,1
1490,5,0,No,No,0
1491,7,1,Yes,Yes,1
1492,6,0,No,No,0
1493,6,1,No,No,0
1494,6,0,No,No,1
1495,4,0,No,No,1
1496,4,0,No,No,0
1497,6,0,No,No,1
1498,4,0,No,No,0
1499,3,0,No,No,0
1500,3,0,No,Yes,1
1501,4,0,No,No,0
1502,6,1,No,No,0
1503,4,0,No,No,0
1504,2,0,No,No,0
1505,4,0,No,No,0
1506,6,1,No,No,0
1507,5,0,No,No,0
1508,5,0,Yes,Yes,1
1509,4,1,No,No,0
1510,3,0,No,No,0
1511,5,0,No,No,0
1512,3,0,No,No,0
1513,5,0,Yes,Yes,1
1514,6,1,No,No,1
1515,3,1,No,No,0
1516,2,0,No,No,0
1517,4,1,No,Yes,1
1518,6,0,No,No,1
1519,6,0,No,No,1
1520,4,1,No,No,0
1521,5,0,No,Yes,1
1522,3,0,No,No,0
1523,5,0,No,No,0
1524,3,0,No,No,0
1525,4,0,No,No,0
1526,5,1,No,No,1
1527,5,0,No,No,1
1528,2,0,No,No,0
1529,4,0,No,No,1
1530,5,0,No,No,0
1531,5,0,No,No,0
1532,5,0,No,No,0
1533,8,0,No,No,1
1534,6,0,No,No,1
1535,5,0,Yes,No,1
1536,7,1,No,No,0
1537,4,0,No,No,1
1538,5,0,No,No,0
1539,7,1,Yes,No,1
1540,4,0,No,No,0
1541,4,0,No,No,0
1542,3,0,No,No,0
1543,4,0,No,No,0
1544,8,0,No,No,0
1545,3,0,Yes,Yes,1
1546,2,1,No,No,0
1547,4,1,Yes,Yes,1
1548,3,0,No,No,0
1549,4,1,No,No,0
1550,7,0,No,No,0
1551,6,0,No,No,0
1552,2,0,No,No,1
1553,3,0,Yes,Yes,1
1554,5,0,Yes,No,0
1555,9,1,No,Yes,1
1556,6,0,Yes,Yes,1
1557,7,0,No,No,0
1558,5,0,No,No,0
1559,3,1,No,No,0
1560,4,0,No,No,0
1561,7,0,No,No,0
1562,4,0,No,No,1
1563,7,0,No,No,0
1564,5,0,No,No,0
1565,2,0,No,No,0
1566,3,1,Yes,Yes,1
1567,5,0,Yes,Yes,1
1568,5,0,No,Yes,0
1569,5,0,No,No,0
1570,5,0,No,Yes,0
1571,6,0,Yes,Yes,1
1572,5,0,Yes,No,0
1573,4,1,No,No,0
1574,7,0,No,No,0
1575,3,0,No,No,0
1576,4,0,No,No,1
1577,4,0,No,No,0
1578,6,1,No,No,0
1579,3,1,Yes,No,0
1580,5,1,Yes,No,0
1581,6,0,No,No,1
1582,4,0,No,No,0
1583,6,0,No,No,0
1584,3,0,No,No,0
1585,2,1,Yes,No,1
1586,4,0,Yes,Yes,1
1587,3,0,No,No,0
1588,5,1,Yes,No,0
1589,4,0,Yes,Yes,1
1590,5,0,Yes,No,0
1591,3,0,No,No,0
1592,5,0,Yes,No,1
1593,8,0,No,No,0
1594,5,1,No,Yes,1
1595,5,0,No,No,0
1596,3,0,No,No,0
1597,6,0,No,No,0
1598,5,1,No,No,0
1599,3,0,No,No,0
1600,7,0,No,No,1
1601,4,1,No,No,0
1602,5,0,No,No,0
1603,6,0,No,No,0
1604,7,0,No,No,0
1605,4,0,No,No,0
1606,2,0,No,No,0
1607,8,1,No,No,1
1608,6,0,Yes,Yes,1
1609,3,1,No,No,0
1610,5,0,Yes,No,0
1611,6,1,No,Yes,1
1612,6,0,No,Yes,1
1613,4,0,Yes,No,0
1614,4,0,No,No,1
1615,5,0,No,No,0
1616,2,0,No,No,1
1617,7,1,No,No,0
1618,4,0,No,No,0
1619,6,0,No,No,0
1620,4,1,No,No,0
1621,4,1,No,No,0
1622,9,0,No,No,1
1623,3,0,No,Yes,1
1624,6,1,No,No,1
1625,3,1,No,No,1
1626,3,0,No,No,0
1627,3,0,No,No,1
1628,4,1,No,No,0
1629,5,0,Yes,No,0
1630,4,1,No,No,1
1631,3,0,No,No,0
1632,7,0,No,No,0
1633,3,0,Yes,No,0
1634,5,0,No,No,0
1635,5,0,No,No,0
1636,4,0,Yes,Yes,0
1637,5,0,No,Yes,1
1638,4,0,No,No,1
1639,4,0,Yes,No,1
1640,6,0,No,No,0
1641,4,0,No,No,0
1642,7,0,No,No,0
1643,9,0,No,No,0
1644,7,0,No,No,1
1645,3,0,Yes,No,0
1646,3,1,No,No,1
1647,5,1,Yes,No,0
1648,5,0,No,No,0
1649,4,1,No,No,0
1650,4,1,Yes,No,1
1651,3,0,Yes,Yes,1
1652,7,1,Yes,No,1
1653,5,1,No,No,1
1654,5,1,Yes,Yes,1
1655,7,1,No,No,0
1656,3,0,No,No,0
1657,4,0,No,No,0
1658,6,0,No,Yes,0
1659,3,0,No,No,0
1660,5,0,No,No,1
1661,4,0,No,No,0
1662,6,0,Yes,No,0
1663,3,0,No,No,0
1664,4,0,Yes,No,0
1665,5,0,No,No,0
1666,6,0,No,No,1
1667,5,0,No,No,0
1668,9,0,No,No,0
1669,5,1,No,No,1
1670,8,1,No,No,1
1671,8,0,No,Yes,1
1672,5,0,No,Yes,1
1673,3,0,No,No,0
1674,3,0,Yes,No,0
1675,7,1,No,No,1
1676,7,0,No,No,1
1677,3,1,No,No,0
1678,7,0,Yes,Yes,1
1679,4,0,No,No,0
1680,8,0,No,No,0
1681,7,0,No,No,0
1682,3,0,No,No,0
1683,4,0,Yes,No,0
1684,6,1,No,Yes,1
1685,5,1,Yes,No,0
1686,6,0,No,Yes,0
1687,4,1,No,No,0
1688,8,0,No,No,0
1689,5,0,No,No,0
1690,6,1,No,Yes,1
1691,5,0,No,Yes,1
1692,6,0,Yes,No,0
1693,2,0,Yes,No,1
1694,5,0,No,No,0
1695,5,0,No,No,0
1696,2,1,No,No,0
1697,5,0,No,No,0
1698,4,0,No,No,0
1699,3,0,No,No,1
1700,6,1,No,No,0
1701,6,0,No,No,0
1702,2,0,No,No,0
1703,5,1,No,No,0
1704,3,1,No,Yes,0
1705,8,0,No,No,0
1706,6,0,No,No,0
1707,4,0,No,No,0
1708,3,1,No,No,1
1709,6,1,No,No,0
1710,4,0,No,Yes,1
1711,4,0,No,No,0
1712,4,0,No,Yes,1
1713,4,0,No,No,0
1714,2,0,No,No,0
1715,6,1,No,No,0
1716,3,0,No,No,0
1717,5,1,Yes,Yes,1
1718,3,0,No,No,1
1719,3,0,Yes,No,1
1720,2,0,No,No,0
1721,2,1,Yes,Yes,1
1722,3,1,Yes,Yes,1
1723,6,0,Yes,No,0
1724,4,0,Yes,No,1
1725,3,0,No,No,0
1726,6,0,Yes,Yes,1
1727,4,0,No,No,0
1728,6,0,No,No,0
1729,7,0,No,No,1
1730,4,0,No,No,0
1731,5,0,No,No,0
1732,3,0,No,Yes,0
1733,5,0,No,No,0
1734,4,1,No,No,0
1735,6,0,No,No,0
1736,8,1,No,No,1
1737,7,0,No,No,0
1738,8,0,Yes,No,0
1739,2,0,No,No,0
1740,7,0,No,No,0
1741,3,0,No,No,0
1742,3,0,No,No,0
1743,4,0,No,No,1
1744,6,1,No,No,0
1745,4,0,No,Yes,0
1746,2,0,No,No,0
1747,5,0,Yes,Yes,1
1748,4,0,Yes,No,0
1749,4,1,No,Yes,0
1750,5,0,No,No,0
1751,5,0,No,No,0
1752,5,1,No,No,0
1753,7,0,No,No,1
1754,4,1,Yes,Yes,1
1755,5,1,No,No,0
1756,3,0,No,No,1
1757,7,0,No,No,0
1758,6,0,No,No,0
1759,2,0,Yes,No,0
1760,3,0,Yes,Yes,1
1761,7,1,No,No,0
1762,5,1,Yes,No,0
1763,3,0,No,No,0
1764,5,0,Yes,No,0
1765,6,1,No,No,1
1766,4,0,No,No,0
1767,4,0,No,No,1
1768,3,0,No,No,0
1769,5,0,No,No,0
1770,4,1,No,No,0
1771,4,0,No,Yes,1
1772,8,0,Yes,No,0
1773,4,0,No,No,0
1774,5,0,No,No,0
1775,8,0,No,No,1
1776,4,0,No,No,0
1777,4,1,Yes,No,0
1778,4,0,Yes,No,0
1779,6,0,Yes,No,1
1780,3,0,Yes,No,0
1781,5,1,No,No,0
1782,4,0,No,No,0
1783,9,0,No,No,1
1784,4,0,No,No,1
1785,2,0,No,Yes,0
1786,4,0,No,No,0
1787,5,0,No,No,0
1788,3,0,No,No,0
1789,3,1,No,No,0
1790,4,0,No,No,0
1791,5,0,No,No,0
1792,3,0,Yes,Yes,1
1793,3,0,Yes,Yes,1
1794,5,0,Yes,Yes,1
1795,4,0,No,No,0
1796,3,0,No,No,0
1797,3,1,No,No,0
1798,3,0,Yes,No,1
1799,3,0,Yes,Yes,1
1800,3,1,No,No,0
1801,4,0,No,No,0
1802,6,0,No,No,0
1803,5,0,No,Yes,1
1804,5,0,No,No,0
1805,4,0,No,No,0
1806,4,0,No,No,1
1807,3,0,No,No,0
1808,4,1,No,No,0
1809,6,1,No,No,0
1810,4,0,No,No,0
1811,8,0,No,No,0
1812,6,0,No,Yes,0
1813,4,0,No,Yes,1
1814,5,0,Yes,No,1
1815,3,1,No,No,1
1816,3,0,Yes,No,0
1817,7,0,Yes,No,1
1818,8,0,No,No,0
1819,3,0,No,Yes,1
1820,5,0,No,No,0
1821,5,1,No,Yes,1
1822,5,0,No,No,0
1823,6,0,Yes,No,1
1824,4,1,Yes,No,0
1825,6,0,No,No,0
1826,6,0,No,No,0
1827,5,1,Yes,No,1
1828,3,0,No,No,0
1829,4,1,No,Yes,1
1830,6,0,Yes,No,1
1831,4,1,No,No,0
1832,5,0,No,No,0
1833,5,0,No,No,0
1834,4,0,Yes,No,0
1835,5,0,No,No,0
1836,4,0,No,No,0
1837,5,0,No,Yes,0
1838,4,1,No,Yes,0
1839,3,0,No,Yes,0
1840,8,0,No,No,0
1841,3,0,No,Yes,0
1842,4,1,Yes,No,0
1843,4,0,No,No,0
1844,5,1,No,No,0
1845,5,0,No,No,0
1846,4,0,No,No,0
1847,3,0,No,No,1
1848,7,1,No,No,0
1849,7,0,No,No,0
1850,5,0,No,No,0
1851,6,0,No,No,1
1852,6,1,No,No,0
1853,5,0,No,No,0
1854,5,0,Yes,No,1
1855,4,0,Yes,No,1
1856,3,0,Yes,No,0
1857,4,0,No,No,0
1858,3,1,No,No,1
1859,3,1,No,No,0
1860,8,0,No,No,0
1861,5,0,Yes,No,0
1862,5,0,No,No,0
1863,5,0,No,No,0
1864,6,1,No,No,1
1865,6,0,No,Yes,1
1866,7,1,No,No,0
1867,5,0,No,No,1
1868,5,0,No,Yes,1
1869,2,0,Yes,Yes,1
1870,3,0,Yes,No,1
1871,4,0,Yes,Yes,1
1872,7,0,No,No,0
1873,3,0,No,No,0
1874,3,0,No,No,0
1875,5,0,No,Yes,1
1876,4,1,Yes,Yes,1
1877,7,0,Yes,No,0
1878,4,0,No,No,1
1879,2,0,No,No,0
1880,4,1,No,No,1
1881,4,0,No,No,1
1882,9,1,No,Yes,1
1883,4,0,No,No,0
1884,4,0,No,No,1
1885,3,0,No,No,0
1886,6,0,No,No,0
1887,5,0,No,No,0
1888,5,1,No,No,0
1889,6,0,No,No,0
1890,5,0,No,No,0
1891,7,1,No,No,1
1892,5,0,No,No,0
1893,4,1,No,No,0
1894,4,1,No,No,0
1895,3,0,No,No,0
1896,3,0,No,Yes,1
1897,4,0,Yes,No,1
1898,4,1,Yes,No,0
1899,4,1,No,No,0
1900,3,1,No,No,0
1901,4,1,No,No,0
1902,2,0,No,No,0
1903,4,0,No,Yes,1
1904,7,0,Yes,No,0
1905,4,1,Yes,No,0
1906,6,0,Yes,Yes,1
1907,5,0,Yes,No,1
1908,4,0,No,No,0
1909,4,1,No,No,0
1910,7,0,No,No,0
1911,6,1,Yes,No,1
1912,4,0,No,No,0
1913,5,0,No,No,0
1914,6,0,No,No,0
1915,5,0,No,No,0
1916,6,1,No,No,0
1917,4,0,No,No,1
1918,3,0,No,Yes,1
1919,6,0,No,No,0
1920,5,0,No,No,0
1921,5,0,No,No,0
1922,4,0,No,No,0
1923,3,0,No,No,0
1924,3,1,No,No,0
1925,5,0,No,No,0
1926,5,0,No,Yes,1
1927,4,0,No,No,1
1928,7,0,Yes,Yes,1
1929,7,1,No,No,1
1930,7,0,No,No,0
1931,4,1,No,No,0
1932,4,1,No,No,0
1933,4,1,Yes,No,0
1934,3,1,Yes,Yes,0
1935,6,0,Yes,No,0
1936,7,0,Yes,Yes,1
1937,5,0,Yes,Yes,0
1938,4,0,No,Yes,0
1939,8,0,No,No,0
1940,5,0,Yes,Yes,0
1941,3,0,No,No,1
1942,5,0,No,No,0
1943,2,0,No,No,0
1944,4,1,Yes,Yes,1
1945,4,1,No,Yes,1
1946,7,0,Yes,Yes,1
1947,2,0,Yes,No,0
1948,6,0,Yes,No,1
1949,6,0,No,No,1
1950,6,0,No,Yes,0
1951,4,0,No,No,0
1952,4,0,Yes,Yes,1
1953,7,0,No,No,1
1954,6,1,No,No,0
1955,4,0,No,No,0
1956,3,1,No,Yes,1
1957,7,0,No,No,0
1958,3,1,No,No,0
1959,6,0,No,No,0
1960,6,0,No,No,1
1961,3,0,No,No,0
1962,7,0,No,No,0
1963,4,0,No,No,1
1964,4,0,No,No,0
1965,3,0,No,No,1
1966,3,0,Yes,No,0
1967,3,1,No,No,0
1968,5,1,No,No,0
1969,4,1,No,No,0
1970,4,0,No,No,1
1971,5,0,No,No,0
1972,5,1,No,No,0
1973,3,0,No,Yes,1
1974,6,0,Yes,No,0
1975,9,0,No,Yes,1
1976,6,0,No,No,0
1977,6,0,No,Yes,1
1978,5,0,No,No,1
1979,4,1,No,No,0
1980,5,1,No,No,0
1981,3,0,No,No,1
1982,4,0,Yes,Yes,1
1983,5,1,No,Yes,0
1984,6,1,No,No,0
1985,6,0,Yes,Yes,1
1986,4,0,No,No,0
